date, PM2.5, p10,Month,Year,,,,,,,,,,,,,,,,
10/1/2020,78, ,10,2020,,,,,,,,,,,,,,,,
10/2/2020,76,34,10,2020,,,,,,,,,,,,,,,,
10/3/2020,76,30,10,2020,,,,,,,,,,,,,,,,
10/4/2020,69,25,10,2020,,,,,,,,,,,,,Row Labels,Count of  PM2.5,,
10/5/2020,68,27,10,2020,,,,,,,,,,,,,1,96,Moderate,January
10/6/2020,66,30,10,2020,,,,,,,,,,,,,2,78,Moderate,February
10/7/2020,65,36,10,2020,,,,,,,,,,,,,3,98,Moderate,March
10/8/2020,55,39,10,2020,,,,,,,,,,,,,4,116,Unhealthy for Sensitive group,April
10/9/2020,53,31,10,2020,,,,,,,,,,,,,5,122,Unhealthy for Sensitive group,May
10/10/2020,65,30,10,2020,,,,,,,,,,,,,6,119,Unhealthy for Sensitive group,June
10/11/2020,61,27,10,2020,,,,,,,,,,,,,7,118,Unhealthy for Sensitive group,July
10/12/2020,62,26,10,2020,,,,,,,,,,,,,8,120,Unhealthy for Sensitive group,August
10/13/2020,67,25,10,2020,,,,,,,,,,,,,9,116,Unhealthy for Sensitive group,September
10/14/2020,83,32,10,2020,,,,,,,,,,,,,10,106,Unhealthy for Sensitive group,October
10/15/2020,82,28,10,2020,,,,,,,,,,,,,11,108,Unhealthy for Sensitive group,November
10/16/2020,70,32,10,2020,,,,,,,,,,,,,12,108,Unhealthy for Sensitive group,December
10/17/2020,67,26,10,2020,,,,,,,,,,,,,Grand Total,1305,,
10/18/2020,69,31,10,2020,,,,,,,,,,,,,,,,
10/19/2020,80,30,10,2020,,,,,,,,,,,,,,,,
10/20/2020,87,26,10,2020,,,,,,,,,,,,,,,,
10/21/2020,102,21,10,2020,,,,,,,,,,,,,,,,
10/22/2020,93,25,10,2020,,,,,,,,,,,,,,,,
10/23/2020,83,8,10,2020,,,,,,,,,,,,,,,,
10/24/2020,84, ,10,2020,,,,,,,,,,,,,,,,
10/25/2020,74,19,10,2020,,,,,,,,,,,,,,,,
10/26/2020,68,19,10,2020,,,,,,,,,,,,,,,,
10/27/2020,65,16,10,2020,,,,,,,,,,,,,,,,
10/28/2020,67,19,10,2020,,,,,,,,,,,,,,,,
10/29/2020,60,16,10,2020,,,,,,,,,,,,,,,,
11/2/2020,71,21,11,2020,,,,,,,,,,,,,,,,
11/3/2020,79,17,11,2020,,,,,,,,,,,,,,,,
11/4/2020,84,21,11,2020,,,,,,,,,,,,,,,,
11/5/2020,143,25,11,2020,,,,,,,,,,,,,,,,
11/6/2020,144,25,11,2020,,,,,,,,,,,,,,,,
11/7/2020,143,36,11,2020,,,,,,,,,,,,,,,,
11/8/2020,128,32,11,2020,,,,,,,,,,,,,,,,
11/9/2020,116,61,11,2020,,,,,,,,,,,,,,,,
11/10/2020,110,33,11,2020,,,,,,,,,,,,,,,,
11/11/2020,101, ,11,2020,,,,,,,,,,,,,,,,
11/12/2020,100, ,11,2020,,,,,,,,,,,,,,,,
11/13/2020,95, ,11,2020,,,,,,,,,,,,,,,,
11/14/2020,95, ,11,2020,,,,,,,,,,,,,,,,
11/15/2020,103, ,11,2020,,,,,,,,,,,,,,,,
11/16/2020,138, ,11,2020,,,,,,,,,,,,,,,,
11/17/2020,100, ,11,2020,,,,,,,,,,,,,,,,
11/18/2020,78, ,11,2020,,,,,,,,,,,,,,,,
11/19/2020,84, ,11,2020,,,,,,,,,,,,,,,,
11/20/2020,97, ,11,2020,,,,,,,,,,,,,,,,
11/21/2020,102, ,11,2020,,,,,,,,,,,,,,,,
11/22/2020,111, ,11,2020,,,,,,,,,,,,,,,,
11/23/2020,123,108,11,2020,,,,,,,,,,,,,,,,
11/24/2020,138,94,11,2020,,,,,,,,,,,,,,,,
11/25/2020,141,90,11,2020,,,,,,,,,,,,,,,,
11/26/2020,129,108,11,2020,,,,,,,,,,,,,,,,
11/27/2020,165,93,11,2020,,,,,,,,,,,,,,,,
11/28/2020,143,99,11,2020,,,,,,,,,,,,,,,,
11/29/2020,141,86,11,2020,,,,,,,,,,,,,,,,
11/30/2020,137,75,11,2020,,,,,,,,,,,,,,,,
12/1/2020,129,79,12,2020,,,,,,,,,,,,,,,,
12/2/2020,108,76,12,2020,,,,,,,,,,,,,,,,
12/3/2020,101,74,12,2020,,,,,,,,,,,,,,,,
12/4/2020,113,66,12,2020,,,,,,,,,,,,,,,,
12/5/2020,118,69,12,2020,,,,,,,,,,,,,,,,
12/6/2020,114,76,12,2020,,,,,,,,,,,,,,,,
12/7/2020,136,82,12,2020,,,,,,,,,,,,,,,,
12/8/2020,159,86,12,2020,,,,,,,,,,,,,,,,
12/9/2020,160,84,12,2020,,,,,,,,,,,,,,,,
12/10/2020,160,84,12,2020,,,,,,,,,,,,,,,,
12/11/2020,160, ,12,2020,,,,,,,,,,,,,,,,
12/12/2020,142, ,12,2020,,,,,,,,,,,,,,,,
12/13/2020,133, ,12,2020,,,,,,,,,,,,,,,,
12/14/2020,130, ,12,2020,,,,,,,,,,,,,,,,
12/15/2020,131, ,12,2020,,,,,,,,,,,,,,,,
12/16/2020,131, ,12,2020,,,,,,,,,,,,,,,,
12/17/2020,135, ,12,2020,,,,,,,,,,,,,,,,
12/18/2020,141,90,12,2020,,,,,,,,,,,,,,,,
12/19/2020,156,85,12,2020,,,,,,,,,,,,,,,,
12/20/2020,160, ,12,2020,,,,,,,,,,,,,,,,
12/21/2020,163, ,12,2020,,,,,,,,,,,,,,,,
12/22/2020,154, ,12,2020,,,,,,,,,,,,,,,,
12/23/2020,160, ,12,2020,,,,,,,,,,,,,,,,
12/24/2020,160,90,12,2020,,,,,,,,,,,,,,,,
12/25/2020,149, ,12,2020,,,,,,,,,,,,,,,,
12/26/2020,151, ,12,2020,,,,,,,,,,,,,,,,
12/27/2020,157, ,12,2020,,,,,,,,,,,,,,,,
12/28/2020,161, ,12,2020,,,,,,,,,,,,,,,,
12/29/2020,153, ,12,2020,,,,,,,,,,,,,,,,
12/30/2020,167, ,12,2020,,,,,,,,,,,,,,,,
12/31/2020,180, ,12,2020,,,,,,,,,,,,,,,,
1/1/2021,176, ,1,2021,,,,,,,,,,,,,,,,
1/2/2021,186, ,1,2021,,,,,,,,,,,,,,,,
1/3/2021,176, ,1,2021,,,,,,,,,,,,,,,,
7/1/2020,70,37,7,2020,,,,,,,,,,,,,,,,
7/2/2020,74,26,7,2020,,,,,,,,,,,,,,,,
7/3/2020,64, ,7,2020,,,,,,,,,,,,,,,,
7/4/2020,47, ,7,2020,,,,,,,,,,,,,,,,
7/5/2020,36, ,7,2020,,,,,,,,,,,,,,,,
7/6/2020,14,12,7,2020,,,,,,,,,,,,,,,,
7/7/2020,25,11,7,2020,,,,,,,,,,,,,,,,
7/8/2020,14,16,7,2020,,,,,,,,,,,,,,,,
7/9/2020,30,13,7,2020,,,,,,,,,,,,,,,,
7/10/2020,18,10,7,2020,,,,,,,,,,,,,,,,
7/11/2020,15,19,7,2020,,,,,,,,,,,,,,,,
7/12/2020,34,19,7,2020,,,,,,,,,,,,,,,,
7/13/2020,34,17,7,2020,,,,,,,,,,,,,,,,
7/14/2020,30,23,7,2020,,,,,,,,,,,,,,,,
7/15/2020,39,17,7,2020,,,,,,,,,,,,,,,,
7/16/2020,31,15,7,2020,,,,,,,,,,,,,,,,
7/17/2020,26,12,7,2020,,,,,,,,,,,,,,,,
7/18/2020,17,11,7,2020,,,,,,,,,,,,,,,,
7/19/2020,20,9,7,2020,,,,,,,,,,,,,,,,
7/20/2020,27,14,7,2020,,,,,,,,,,,,,,,,
7/21/2020,24,14,7,2020,,,,,,,,,,,,,,,,
7/22/2020,20,14,7,2020,,,,,,,,,,,,,,,,
7/23/2020,31,16,7,2020,,,,,,,,,,,,,,,,
7/24/2020,30,21,7,2020,,,,,,,,,,,,,,,,
7/25/2020,23,21,7,2020,,,,,,,,,,,,,,,,
7/26/2020,31,19,7,2020,,,,,,,,,,,,,,,,
7/27/2020,30,26,7,2020,,,,,,,,,,,,,,,,
7/28/2020,40,28,7,2020,,,,,,,,,,,,,,,,
7/29/2020,30,23,7,2020,,,,,,,,,,,,,,,,
7/30/2020,33,24,7,2020,,,,,,,,,,,,,,,,
7/31/2020,38,17,7,2020,,,,,,,,,,,,,,,,
8/1/2020,25,19,8,2020,,,,,,,,,,,,,,,,
8/2/2020,29,21,8,2020,,,,,,,,,,,,,,,,
8/3/2020,32,26,8,2020,,,,,,,,,,,,,,,,
8/4/2020,36,7,8,2020,,,,,,,,,,,,,,,,
8/5/2020,22,12,8,2020,,,,,,,,,,,,,,,,
8/6/2020,19,15,8,2020,,,,,,,,,,,,,,,,
8/7/2020,18,14,8,2020,,,,,,,,,,,,,,,,
8/8/2020,26,13,8,2020,,,,,,,,,,,,,,,,
8/9/2020,21,20,8,2020,,,,,,,,,,,,,,,,
8/10/2020,31,7,8,2020,,,,,,,,,,,,,,,,
8/11/2020,15, ,8,2020,,,,,,,,,,,,,,,,
8/12/2020,11, ,8,2020,,,,,,,,,,,,,,,,
8/13/2020,35,19,8,2020,,,,,,,,,,,,,,,,
8/14/2020,22,14,8,2020,,,,,,,,,,,,,,,,
8/15/2020,19,12,8,2020,,,,,,,,,,,,,,,,
8/16/2020,13,15,8,2020,,,,,,,,,,,,,,,,
8/17/2020,18,14,8,2020,,,,,,,,,,,,,,,,
8/18/2020,23,16,8,2020,,,,,,,,,,,,,,,,
8/19/2020,26,10,8,2020,,,,,,,,,,,,,,,,
8/20/2020,17,9,8,2020,,,,,,,,,,,,,,,,
8/21/2020,7,10,8,2020,,,,,,,,,,,,,,,,
8/22/2020,16,11,8,2020,,,,,,,,,,,,,,,,
8/23/2020,15,11,8,2020,,,,,,,,,,,,,,,,
8/24/2020,14,10,8,2020,,,,,,,,,,,,,,,,
8/25/2020,13,14,8,2020,,,,,,,,,,,,,,,,
8/26/2020,17,11,8,2020,,,,,,,,,,,,,,,,
8/27/2020,16,13,8,2020,,,,,,,,,,,,,,,,
8/28/2020,17,14,8,2020,,,,,,,,,,,,,,,,
8/29/2020,19,15,8,2020,,,,,,,,,,,,,,,,
8/30/2020,33,16,8,2020,,,,,,,,,,,,,,,,
8/31/2020,38,19,8,2020,,,,,,,,,,,,,,,,
9/1/2020,38,16,9,2020,,,,,,,,,,,,,,,,
9/2/2020,27,15,9,2020,,,,,,,,,,,,,,,,
9/3/2020,18,17,9,2020,,,,,,,,,,,,,,,,
9/4/2020,24,21,9,2020,,,,,,,,,,,,,,,,
9/5/2020,35,28,9,2020,,,,,,,,,,,,,,,,
9/6/2020,42,28,9,2020,,,,,,,,,,,,,,,,
9/7/2020,48,25,9,2020,,,,,,,,,,,,,,,,
9/8/2020,39,23,9,2020,,,,,,,,,,,,,,,,
9/9/2020,40,25,9,2020,,,,,,,,,,,,,,,,
9/10/2020,41,26,9,2020,,,,,,,,,,,,,,,,
9/11/2020,43,21,9,2020,,,,,,,,,,,,,,,,
9/12/2020,38, ,9,2020,,,,,,,,,,,,,,,,
9/13/2020,30, ,9,2020,,,,,,,,,,,,,,,,
9/14/2020,47, ,9,2020,,,,,,,,,,,,,,,,
9/15/2020,56, ,9,2020,,,,,,,,,,,,,,,,
9/16/2020,57,37,9,2020,,,,,,,,,,,,,,,,
9/17/2020,71,30,9,2020,,,,,,,,,,,,,,,,
9/18/2020,53,30,9,2020,,,,,,,,,,,,,,,,
9/19/2020,53,36,9,2020,,,,,,,,,,,,,,,,
9/20/2020,53,27,9,2020,,,,,,,,,,,,,,,,
9/21/2020,47,23,9,2020,,,,,,,,,,,,,,,,
9/22/2020,35,9,9,2020,,,,,,,,,,,,,,,,
9/23/2020,15,8,9,2020,,,,,,,,,,,,,,,,
9/24/2020,17,11,9,2020,,,,,,,,,,,,,,,,
9/25/2020,13,12,9,2020,,,,,,,,,,,,,,,,
9/26/2020,14,19,9,2020,,,,,,,,,,,,,,,,
9/27/2020,25,23,9,2020,,,,,,,,,,,,,,,,
9/28/2020,36,37,9,2020,,,,,,,,,,,,,,,,
9/29/2020,55, ,9,2020,,,,,,,,,,,,,,,,
9/30/2020,68, ,9,2020,,,,,,,,,,,,,,,,
4/1/2020,115,36,4,2020,,,,,,,,,,,,,,,,
4/2/2020,85,49,4,2020,,,,,,,,,,,,,,,,
4/3/2020,115,57,4,2020,,,,,,,,,,,,,,,,
4/4/2020,133,60,4,2020,,,,,,,,,,,,,,,,
4/5/2020,153,72,4,2020,,,,,,,,,,,,,,,,
4/6/2020,159,70,4,2020,,,,,,,,,,,,,,,,
4/7/2020,153,77,4,2020,,,,,,,,,,,,,,,,
4/8/2020,164,66,4,2020,,,,,,,,,,,,,,,,
4/9/2020,144,73,4,2020,,,,,,,,,,,,,,,,
4/10/2020,150,87,4,2020,,,,,,,,,,,,,,,,
4/11/2020,194,77,4,2020,,,,,,,,,,,,,,,,
4/12/2020,174,76,4,2020,,,,,,,,,,,,,,,,
4/13/2020,166,57,4,2020,,,,,,,,,,,,,,,,
4/14/2020,142,30,4,2020,,,,,,,,,,,,,,,,
4/15/2020,93,43,4,2020,,,,,,,,,,,,,,,,
4/16/2020,109,45,4,2020,,,,,,,,,,,,,,,,
4/17/2020,116,35,4,2020,,,,,,,,,,,,,,,,
4/18/2020,78,42,4,2020,,,,,,,,,,,,,,,,
4/19/2020,73,34,4,2020,,,,,,,,,,,,,,,,
4/20/2020,96,14,4,2020,,,,,,,,,,,,,,,,
4/21/2020,41,18,4,2020,,,,,,,,,,,,,,,,
4/22/2020,47,32,4,2020,,,,,,,,,,,,,,,,
4/23/2020,86,34,4,2020,,,,,,,,,,,,,,,,
4/24/2020,78, ,4,2020,,,,,,,,,,,,,,,,
4/25/2020,76, ,4,2020,,,,,,,,,,,,,,,,
4/26/2020,84,23,4,2020,,,,,,,,,,,,,,,,
4/27/2020,67,26,4,2020,,,,,,,,,,,,,,,,
4/28/2020,60,29,4,2020,,,,,,,,,,,,,,,,
4/29/2020,64,28,4,2020,,,,,,,,,,,,,,,,
4/30/2020,69,28,4,2020,,,,,,,,,,,,,,,,
5/1/2020,61,27,5,2020,,,,,,,,,,,,,,,,
5/2/2020,62,36,5,2020,,,,,,,,,,,,,,,,
5/3/2020,71,28,5,2020,,,,,,,,,,,,,,,,
5/4/2020,51, ,5,2020,,,,,,,,,,,,,,,,
5/5/2020,49,17,5,2020,,,,,,,,,,,,,,,,
5/6/2020,32,23,5,2020,,,,,,,,,,,,,,,,
5/7/2020,50,26,5,2020,,,,,,,,,,,,,,,,
5/8/2020,56,35,5,2020,,,,,,,,,,,,,,,,
5/9/2020,66,42,5,2020,,,,,,,,,,,,,,,,
5/10/2020,76,53,5,2020,,,,,,,,,,,,,,,,
5/11/2020,106,45,5,2020,,,,,,,,,,,,,,,,
5/12/2020,89,70,5,2020,,,,,,,,,,,,,,,,
5/13/2020,86,47,5,2020,,,,,,,,,,,,,,,,
5/14/2020,95,44,5,2020,,,,,,,,,,,,,,,,
5/15/2020,96,54,5,2020,,,,,,,,,,,,,,,,
5/16/2020,112,55,5,2020,,,,,,,,,,,,,,,,
5/17/2020,110,50,5,2020,,,,,,,,,,,,,,,,
5/18/2020,103,41,5,2020,,,,,,,,,,,,,,,,
5/19/2020,82,43,5,2020,,,,,,,,,,,,,,,,
5/20/2020,81,31,5,2020,,,,,,,,,,,,,,,,
5/21/2020,74,42,5,2020,,,,,,,,,,,,,,,,
5/22/2020,87,34,5,2020,,,,,,,,,,,,,,,,
5/23/2020,73,42,5,2020,,,,,,,,,,,,,,,,
5/24/2020,85,43,5,2020,,,,,,,,,,,,,,,,
5/25/2020,84,36,5,2020,,,,,,,,,,,,,,,,
5/26/2020,81,24,5,2020,,,,,,,,,,,,,,,,
5/27/2020,67,29,5,2020,,,,,,,,,,,,,,,,
5/28/2020,52,21,5,2020,,,,,,,,,,,,,,,,
5/29/2020,35,27,5,2020,,,,,,,,,,,,,,,,
5/30/2020,55,29,5,2020,,,,,,,,,,,,,,,,
5/31/2020,60,34,5,2020,,,,,,,,,,,,,,,,
6/1/2020,66,32,6,2020,,,,,,,,,,,,,,,,
6/2/2020,50,39,6,2020,,,,,,,,,,,,,,,,
6/3/2020,66,36,6,2020,,,,,,,,,,,,,,,,
6/4/2020,79,17,6,2020,,,,,,,,,,,,,,,,
6/5/2020,35,12,6,2020,,,,,,,,,,,,,,,,
6/6/2020,18,15,6,2020,,,,,,,,,,,,,,,,
6/7/2020,19,13,6,2020,,,,,,,,,,,,,,,,
6/8/2020,31,30,6,2020,,,,,,,,,,,,,,,,
6/9/2020,55,28,6,2020,,,,,,,,,,,,,,,,
6/10/2020,65,32,6,2020,,,,,,,,,,,,,,,,
6/11/2020,61,22,6,2020,,,,,,,,,,,,,,,,
6/12/2020,49,19,6,2020,,,,,,,,,,,,,,,,
6/13/2020,34,13,6,2020,,,,,,,,,,,,,,,,
6/14/2020,18,13,6,2020,,,,,,,,,,,,,,,,
6/15/2020,17,13,6,2020,,,,,,,,,,,,,,,,
6/16/2020,13,15,6,2020,,,,,,,,,,,,,,,,
6/17/2020,21,14,6,2020,,,,,,,,,,,,,,,,
6/18/2020,15,16,6,2020,,,,,,,,,,,,,,,,
6/19/2020,27, ,6,2020,,,,,,,,,,,,,,,,
6/20/2020,50, ,6,2020,,,,,,,,,,,,,,,,
6/21/2020,52, ,6,2020,,,,,,,,,,,,,,,,
6/22/2020,17,51,6,2020,,,,,,,,,,,,,,,,
6/23/2020,29,35,6,2020,,,,,,,,,,,,,,,,
6/24/2020,46,27,6,2020,,,,,,,,,,,,,,,,
6/25/2020,45,13,6,2020,,,,,,,,,,,,,,,,
6/26/2020,22,22,6,2020,,,,,,,,,,,,,,,,
6/27/2020,35,25,6,2020,,,,,,,,,,,,,,,,
6/28/2020,42,22,6,2020,,,,,,,,,,,,,,,,
6/29/2020,37,37,6,2020,,,,,,,,,,,,,,,,
6/30/2020,63,35,6,2020,,,,,,,,,,,,,,,,
1/1/2020,200,60,1,2020,,,,,,,,,,,,,,,,
1/2/2020,211,54,1,2020,,,,,,,,,,,,,,,,
1/3/2020,213,56,1,2020,,,,,,,,,,,,,,,,
1/4/2020,141,42,1,2020,,,,,,,,,,,,,,,,
1/5/2020,105,56,1,2020,,,,,,,,,,,,,,,,
1/6/2020,128,55,1,2020,,,,,,,,,,,,,,,,
1/7/2020,156,67,1,2020,,,,,,,,,,,,,,,,
1/8/2020,178,60,1,2020,,,,,,,,,,,,,,,,
1/9/2020,137,47,1,2020,,,,,,,,,,,,,,,,
1/10/2020,136,49,1,2020,,,,,,,,,,,,,,,,
1/11/2020,152,44,1,2020,,,,,,,,,,,,,,,,
1/12/2020,161,47,1,2020,,,,,,,,,,,,,,,,
1/13/2020,171,57,1,2020,,,,,,,,,,,,,,,,
1/14/2020,134,42,1,2020,,,,,,,,,,,,,,,,
1/15/2020,181,47,1,2020,,,,,,,,,,,,,,,,
1/16/2020,165, ,1,2020,,,,,,,,,,,,,,,,
1/17/2020,103,52,1,2020,,,,,,,,,,,,,,,,
1/21/2020,184,45,1,2020,,,,,,,,,,,,,,,,
1/22/2020,155,35,1,2020,,,,,,,,,,,,,,,,
1/23/2020,132,35,1,2020,,,,,,,,,,,,,,,,
1/24/2020,133,45,1,2020,,,,,,,,,,,,,,,,
1/25/2020,163,43,1,2020,,,,,,,,,,,,,,,,
1/26/2020,164,45,1,2020,,,,,,,,,,,,,,,,
1/27/2020,159,45,1,2020,,,,,,,,,,,,,,,,
1/28/2020,163,35,1,2020,,,,,,,,,,,,,,,,
1/29/2020,148,37,1,2020,,,,,,,,,,,,,,,,
1/30/2020,145,35,1,2020,,,,,,,,,,,,,,,,
1/31/2020,133,36,1,2020,,,,,,,,,,,,,,,,
2/1/2020,137,33,2,2020,,,,,,,,,,,,,,,,
2/2/2020,139,36,2,2020,,,,,,,,,,,,,,,,
2/3/2020,149,36,2,2020,,,,,,,,,,,,,,,,
2/4/2020,157,28,2,2020,,,,,,,,,,,,,,,,
2/5/2020,149,34,2,2020,,,,,,,,,,,,,,,,
2/6/2020,155,35,2,2020,,,,,,,,,,,,,,,,
2/7/2020,160,35,2,2020,,,,,,,,,,,,,,,,
2/8/2020,151,39,2,2020,,,,,,,,,,,,,,,,
2/9/2020,157, ,2,2020,,,,,,,,,,,,,,,,
2/10/2020,149, ,2,2020,,,,,,,,,,,,,,,,
2/11/2020,148, ,2,2020,,,,,,,,,,,,,,,,
2/12/2020,153,66,2,2020,,,,,,,,,,,,,,,,
2/13/2020,159,67,2,2020,,,,,,,,,,,,,,,,
2/14/2020,158,75,2,2020,,,,,,,,,,,,,,,,
2/15/2020,174,80,2,2020,,,,,,,,,,,,,,,,
2/16/2020,185,74,2,2020,,,,,,,,,,,,,,,,
2/17/2020,185,68,2,2020,,,,,,,,,,,,,,,,
2/18/2020,181,63,2,2020,,,,,,,,,,,,,,,,
2/19/2020,177, ,2,2020,,,,,,,,,,,,,,,,
2/20/2020,182, ,2,2020,,,,,,,,,,,,,,,,
2/21/2020,218, ,2,2020,,,,,,,,,,,,,,,,
2/22/2020,139, ,2,2020,,,,,,,,,,,,,,,,
2/23/2020,152,42,2,2020,,,,,,,,,,,,,,,,
2/24/2020,135,49,2,2020,,,,,,,,,,,,,,,,
2/25/2020,108,21,2,2020,,,,,,,,,,,,,,,,
2/26/2020,65,21,2,2020,,,,,,,,,,,,,,,,
2/27/2020,77,31,2,2020,,,,,,,,,,,,,,,,
2/28/2020,103,28,2,2020,,,,,,,,,,,,,,,,
2/29/2020,116,34,2,2020,,,,,,,,,,,,,,,,
3/1/2020,113,40,3,2020,,,,,,,,,,,,,,,,
3/2/2020,115,28,3,2020,,,,,,,,,,,,,,,,
3/3/2020,110,32,3,2020,,,,,,,,,,,,,,,,
3/4/2020,115,33,3,2020,,,,,,,,,,,,,,,,
3/5/2020,114,42,3,2020,,,,,,,,,,,,,,,,
3/6/2020,116,26,3,2020,,,,,,,,,,,,,,,,
3/7/2020,91,23,3,2020,,,,,,,,,,,,,,,,
3/8/2020,104,24,3,2020,,,,,,,,,,,,,,,,
3/9/2020,100,31,3,2020,,,,,,,,,,,,,,,,
3/10/2020,115,32,3,2020,,,,,,,,,,,,,,,,
3/11/2020,133,36,3,2020,,,,,,,,,,,,,,,,
3/12/2020,111,47,3,2020,,,,,,,,,,,,,,,,
3/13/2020,145,18,3,2020,,,,,,,,,,,,,,,,
3/14/2020,109,25,3,2020,,,,,,,,,,,,,,,,
3/15/2020,93,24,3,2020,,,,,,,,,,,,,,,,
3/16/2020,90,24,3,2020,,,,,,,,,,,,,,,,
3/20/2020,103,11,3,2020,,,,,,,,,,,,,,,,
3/21/2020,102,15,3,2020,,,,,,,,,,,,,,,,
3/22/2020,99,34,3,2020,,,,,,,,,,,,,,,,
3/23/2020,70,36,3,2020,,,,,,,,,,,,,,,,
3/24/2020,88,43,3,2020,,,,,,,,,,,,,,,,
3/25/2020,105,48,3,2020,,,,,,,,,,,,,,,,
3/26/2020,114,49,3,2020,,,,,,,,,,,,,,,,
3/27/2020,113,22,3,2020,,,,,,,,,,,,,,,,
3/28/2020,58,29,3,2020,,,,,,,,,,,,,,,,
3/29/2020,80,44,3,2020,,,,,,,,,,,,,,,,
3/30/2020,91,48,3,2020,,,,,,,,,,,,,,,,
3/31/2020,117,45,3,2020,,,,,,,,,,,,,,,,
10/1/2019,24, ,10,2019,,,,,,,,,,,,,,,,
10/2/2019,49,10,10,2019,,,,,,,,,,,,,,,,
10/3/2019,66,9,10,2019,,,,,,,,,,,,,,,,
10/4/2019,56, ,10,2019,,,,,,,,,,,,,,,,
10/5/2019,54, ,10,2019,,,,,,,,,,,,,,,,
10/6/2019,63, ,10,2019,,,,,,,,,,,,,,,,
10/7/2019,73, ,10,2019,,,,,,,,,,,,,,,,
10/8/2019,79, ,10,2019,,,,,,,,,,,,,,,,
10/12/2019,76, ,10,2019,,,,,,,,,,,,,,,,
10/13/2019,80, ,10,2019,,,,,,,,,,,,,,,,
10/14/2019,94,10,10,2019,,,,,,,,,,,,,,,,
10/15/2019,97,7,10,2019,,,,,,,,,,,,,,,,
10/16/2019,90,7,10,2019,,,,,,,,,,,,,,,,
10/17/2019,84, ,10,2019,,,,,,,,,,,,,,,,
10/18/2019,86, ,10,2019,,,,,,,,,,,,,,,,
10/19/2019,94, ,10,2019,,,,,,,,,,,,,,,,
10/20/2019,100, ,10,2019,,,,,,,,,,,,,,,,
10/21/2019,108, ,10,2019,,,,,,,,,,,,,,,,
10/22/2019,108,113,10,2019,,,,,,,,,,,,,,,,
10/23/2019,121,84,10,2019,,,,,,,,,,,,,,,,
10/24/2019,113,97,10,2019,,,,,,,,,,,,,,,,
10/25/2019,136,76,10,2019,,,,,,,,,,,,,,,,
10/26/2019,114,66,10,2019,,,,,,,,,,,,,,,,
10/28/2019,141, ,10,2019,,,,,,,,,,,,,,,,
10/29/2019,111, ,10,2019,,,,,,,,,,,,,,,,
10/30/2019,90,56,10,2019,,,,,,,,,,,,,,,,
10/31/2019,87, ,10,2019,,,,,,,,,,,,,,,,
11/1/2019,108, ,11,2019,,,,,,,,,,,,,,,,
11/2/2019,117, ,11,2019,,,,,,,,,,,,,,,,
11/3/2019,117, ,11,2019,,,,,,,,,,,,,,,,
11/4/2019,101,20,11,2019,,,,,,,,,,,,,,,,
11/5/2019,106,28,11,2019,,,,,,,,,,,,,,,,
11/6/2019,146,25,11,2019,,,,,,,,,,,,,,,,
11/7/2019,139,27,11,2019,,,,,,,,,,,,,,,,
11/8/2019,142,20,11,2019,,,,,,,,,,,,,,,,
11/9/2019,127,18,11,2019,,,,,,,,,,,,,,,,
11/10/2019,105,20,11,2019,,,,,,,,,,,,,,,,
11/11/2019,99,22,11,2019,,,,,,,,,,,,,,,,
11/12/2019,116,23,11,2019,,,,,,,,,,,,,,,,
11/13/2019,125,35,11,2019,,,,,,,,,,,,,,,,
11/14/2019,124,29,11,2019,,,,,,,,,,,,,,,,
11/15/2019,110,28,11,2019,,,,,,,,,,,,,,,,
11/16/2019,100,24,11,2019,,,,,,,,,,,,,,,,
11/17/2019,98,29,11,2019,,,,,,,,,,,,,,,,
11/18/2019,122,37,11,2019,,,,,,,,,,,,,,,,
11/19/2019,149,38,11,2019,,,,,,,,,,,,,,,,
11/20/2019,160,73,11,2019,,,,,,,,,,,,,,,,
11/21/2019,158,88,11,2019,,,,,,,,,,,,,,,,
11/22/2019,154,53,11,2019,,,,,,,,,,,,,,,,
11/23/2019,156,25,11,2019,,,,,,,,,,,,,,,,
11/24/2019,158,34,11,2019,,,,,,,,,,,,,,,,
11/25/2019,151,45,11,2019,,,,,,,,,,,,,,,,
11/26/2019,157,93,11,2019,,,,,,,,,,,,,,,,
11/27/2019,150,70,11,2019,,,,,,,,,,,,,,,,
11/28/2019,134,64,11,2019,,,,,,,,,,,,,,,,
11/29/2019,139, ,11,2019,,,,,,,,,,,,,,,,
11/30/2019,121,51,11,2019,,,,,,,,,,,,,,,,
12/1/2019,120,49,12,2019,,,,,,,,,,,,,,,,
12/2/2019,122,40,12,2019,,,,,,,,,,,,,,,,
12/3/2019,125,64,12,2019,,,,,,,,,,,,,,,,
12/4/2019,147,71,12,2019,,,,,,,,,,,,,,,,
12/5/2019,161,50,12,2019,,,,,,,,,,,,,,,,
12/6/2019,156, ,12,2019,,,,,,,,,,,,,,,,
12/7/2019,156,61,12,2019,,,,,,,,,,,,,,,,
12/8/2019,140,52,12,2019,,,,,,,,,,,,,,,,
12/9/2019,135,55,12,2019,,,,,,,,,,,,,,,,
12/10/2019,139,45,12,2019,,,,,,,,,,,,,,,,
12/11/2019,132,45,12,2019,,,,,,,,,,,,,,,,
12/12/2019,155, ,12,2019,,,,,,,,,,,,,,,,
12/13/2019,144,36,12,2019,,,,,,,,,,,,,,,,
12/14/2019,98,55,12,2019,,,,,,,,,,,,,,,,
12/15/2019,121,51,12,2019,,,,,,,,,,,,,,,,
12/16/2019,137,45,12,2019,,,,,,,,,,,,,,,,
12/17/2019,123,51,12,2019,,,,,,,,,,,,,,,,
12/18/2019,124,60,12,2019,,,,,,,,,,,,,,,,
12/19/2019,149,63,12,2019,,,,,,,,,,,,,,,,
12/20/2019,151,60,12,2019,,,,,,,,,,,,,,,,
12/21/2019,163,59,12,2019,,,,,,,,,,,,,,,,
12/22/2019,150,49,12,2019,,,,,,,,,,,,,,,,
12/23/2019,153,47,12,2019,,,,,,,,,,,,,,,,
12/24/2019,146,47,12,2019,,,,,,,,,,,,,,,,
12/25/2019,155,51,12,2019,,,,,,,,,,,,,,,,
12/26/2019,152,36,12,2019,,,,,,,,,,,,,,,,
12/27/2019,158, ,12,2019,,,,,,,,,,,,,,,,
12/29/2019,265, ,12,2019,,,,,,,,,,,,,,,,
7/1/2019,95,9,7,2019,,,,,,,,,,,,,,,,
7/2/2019,62, ,7,2019,,,,,,,,,,,,,,,,
7/3/2019,38, ,7,2019,,,,,,,,,,,,,,,,
7/4/2019,51,7,7,2019,,,,,,,,,,,,,,,,
7/5/2019,52,5,7,2019,,,,,,,,,,,,,,,,
7/6/2019,28,4,7,2019,,,,,,,,,,,,,,,,
7/7/2019,34,6,7,2019,,,,,,,,,,,,,,,,
7/8/2019,41,6,7,2019,,,,,,,,,,,,,,,,
7/9/2019,34,6,7,2019,,,,,,,,,,,,,,,,
7/10/2019,39,5,7,2019,,,,,,,,,,,,,,,,
7/11/2019,15,3,7,2019,,,,,,,,,,,,,,,,
7/12/2019,16,4,7,2019,,,,,,,,,,,,,,,,
7/13/2019,36,6,7,2019,,,,,,,,,,,,,,,,
7/14/2019,47,7,7,2019,,,,,,,,,,,,,,,,
7/15/2019,82, ,7,2019,,,,,,,,,,,,,,,,
7/16/2019,79, ,7,2019,,,,,,,,,,,,,,,,
7/17/2019,76, ,7,2019,,,,,,,,,,,,,,,,
7/18/2019,48, ,7,2019,,,,,,,,,,,,,,,,
7/19/2019,55, ,7,2019,,,,,,,,,,,,,,,,
7/20/2019,61, ,7,2019,,,,,,,,,,,,,,,,
7/21/2019,67, ,7,2019,,,,,,,,,,,,,,,,
7/22/2019,66, ,7,2019,,,,,,,,,,,,,,,,
7/23/2019,61, ,7,2019,,,,,,,,,,,,,,,,
7/24/2019,58, ,7,2019,,,,,,,,,,,,,,,,
7/25/2019,40, ,7,2019,,,,,,,,,,,,,,,,
7/26/2019,38, ,7,2019,,,,,,,,,,,,,,,,
7/29/2019,52, ,7,2019,,,,,,,,,,,,,,,,
7/30/2019,35, ,7,2019,,,,,,,,,,,,,,,,
7/31/2019,45, ,7,2019,,,,,,,,,,,,,,,,
8/1/2019,45, ,8,2019,,,,,,,,,,,,,,,,
8/2/2019,51, ,8,2019,,,,,,,,,,,,,,,,
8/3/2019,47, ,8,2019,,,,,,,,,,,,,,,,
8/4/2019,44, ,8,2019,,,,,,,,,,,,,,,,
8/5/2019,36, ,8,2019,,,,,,,,,,,,,,,,
8/6/2019,41, ,8,2019,,,,,,,,,,,,,,,,
8/7/2019,28, ,8,2019,,,,,,,,,,,,,,,,
8/12/2019,46, ,8,2019,,,,,,,,,,,,,,,,
8/13/2019,33, ,8,2019,,,,,,,,,,,,,,,,
8/14/2019,42, ,8,2019,,,,,,,,,,,,,,,,
8/15/2019,36, ,8,2019,,,,,,,,,,,,,,,,
8/16/2019,36, ,8,2019,,,,,,,,,,,,,,,,
8/17/2019,30, ,8,2019,,,,,,,,,,,,,,,,
8/18/2019,51, ,8,2019,,,,,,,,,,,,,,,,
8/19/2019,44, ,8,2019,,,,,,,,,,,,,,,,
8/20/2019,50, ,8,2019,,,,,,,,,,,,,,,,
8/21/2019,64, ,8,2019,,,,,,,,,,,,,,,,
8/22/2019,54, ,8,2019,,,,,,,,,,,,,,,,
8/23/2019,63, ,8,2019,,,,,,,,,,,,,,,,
8/24/2019,33, ,8,2019,,,,,,,,,,,,,,,,
8/25/2019,41, ,8,2019,,,,,,,,,,,,,,,,
8/26/2019,59, ,8,2019,,,,,,,,,,,,,,,,
8/27/2019,59, ,8,2019,,,,,,,,,,,,,,,,
8/28/2019,54, ,8,2019,,,,,,,,,,,,,,,,
8/29/2019,55, ,8,2019,,,,,,,,,,,,,,,,
8/30/2019,51, ,8,2019,,,,,,,,,,,,,,,,
8/31/2019,30, ,8,2019,,,,,,,,,,,,,,,,
9/1/2019,47, ,9,2019,,,,,,,,,,,,,,,,
9/2/2019,56, ,9,2019,,,,,,,,,,,,,,,,
9/3/2019,53, ,9,2019,,,,,,,,,,,,,,,,
9/4/2019,37, ,9,2019,,,,,,,,,,,,,,,,
9/5/2019,41, ,9,2019,,,,,,,,,,,,,,,,
9/6/2019,30, ,9,2019,,,,,,,,,,,,,,,,
9/7/2019,33, ,9,2019,,,,,,,,,,,,,,,,
9/8/2019,39, ,9,2019,,,,,,,,,,,,,,,,
9/9/2019,44, ,9,2019,,,,,,,,,,,,,,,,
9/10/2019,42, ,9,2019,,,,,,,,,,,,,,,,
9/11/2019,64, ,9,2019,,,,,,,,,,,,,,,,
9/12/2019,58, ,9,2019,,,,,,,,,,,,,,,,
9/13/2019,37, ,9,2019,,,,,,,,,,,,,,,,
9/14/2019,43, ,9,2019,,,,,,,,,,,,,,,,
9/15/2019,56, ,9,2019,,,,,,,,,,,,,,,,
9/16/2019,60, ,9,2019,,,,,,,,,,,,,,,,
9/17/2019,52, ,9,2019,,,,,,,,,,,,,,,,
9/18/2019,43, ,9,2019,,,,,,,,,,,,,,,,
9/19/2019,53, ,9,2019,,,,,,,,,,,,,,,,
9/20/2019,66, ,9,2019,,,,,,,,,,,,,,,,
9/21/2019,51, ,9,2019,,,,,,,,,,,,,,,,
9/22/2019,60, ,9,2019,,,,,,,,,,,,,,,,
9/23/2019,58, ,9,2019,,,,,,,,,,,,,,,,
9/24/2019,68, ,9,2019,,,,,,,,,,,,,,,,
9/25/2019,36, ,9,2019,,,,,,,,,,,,,,,,
9/26/2019,27, ,9,2019,,,,,,,,,,,,,,,,
9/27/2019,32, ,9,2019,,,,,,,,,,,,,,,,
9/28/2019,22, ,9,2019,,,,,,,,,,,,,,,,
9/29/2019,38, ,9,2019,,,,,,,,,,,,,,,,
9/30/2019,52, ,9,2019,,,,,,,,,,,,,,,,
4/1/2019,90, ,4,2019,,,,,,,,,,,,,,,,
4/2/2019,83, ,4,2019,,,,,,,,,,,,,,,,
4/3/2019,141, ,4,2019,,,,,,,,,,,,,,,,
4/4/2019,158, ,4,2019,,,,,,,,,,,,,,,,
4/5/2019,169, ,4,2019,,,,,,,,,,,,,,,,
4/6/2019,134, ,4,2019,,,,,,,,,,,,,,,,
4/7/2019,78, ,4,2019,,,,,,,,,,,,,,,,
4/9/2019,113, ,4,2019,,,,,,,,,,,,,,,,
4/10/2019,105, ,4,2019,,,,,,,,,,,,,,,,
4/11/2019,103, ,4,2019,,,,,,,,,,,,,,,,
4/12/2019,121, ,4,2019,,,,,,,,,,,,,,,,
4/13/2019,130, ,4,2019,,,,,,,,,,,,,,,,
4/14/2019,126, ,4,2019,,,,,,,,,,,,,,,,
4/15/2019,110, ,4,2019,,,,,,,,,,,,,,,,
4/16/2019,123, ,4,2019,,,,,,,,,,,,,,,,
4/17/2019,71, ,4,2019,,,,,,,,,,,,,,,,
4/18/2019,90, ,4,2019,,,,,,,,,,,,,,,,
4/19/2019,103, ,4,2019,,,,,,,,,,,,,,,,
4/20/2019,103, ,4,2019,,,,,,,,,,,,,,,,
4/21/2019,144, ,4,2019,,,,,,,,,,,,,,,,
4/22/2019,152, ,4,2019,,,,,,,,,,,,,,,,
4/23/2019,145, ,4,2019,,,,,,,,,,,,,,,,
4/24/2019,154, ,4,2019,,,,,,,,,,,,,,,,
4/25/2019,138, ,4,2019,,,,,,,,,,,,,,,,
4/26/2019,129, ,4,2019,,,,,,,,,,,,,,,,
4/27/2019,157, ,4,2019,,,,,,,,,,,,,,,,
4/28/2019,150, ,4,2019,,,,,,,,,,,,,,,,
4/29/2019,158, ,4,2019,,,,,,,,,,,,,,,,
4/30/2019,159, ,4,2019,,,,,,,,,,,,,,,,
5/1/2019,141, ,5,2019,,,,,,,,,,,,,,,,
5/2/2019,121, ,5,2019,,,,,,,,,,,,,,,,
5/3/2019,134, ,5,2019,,,,,,,,,,,,,,,,
5/4/2019,94, ,5,2019,,,,,,,,,,,,,,,,
5/5/2019,106, ,5,2019,,,,,,,,,,,,,,,,
5/6/2019,146, ,5,2019,,,,,,,,,,,,,,,,
5/7/2019,165, ,5,2019,,,,,,,,,,,,,,,,
5/8/2019,171, ,5,2019,,,,,,,,,,,,,,,,
5/9/2019,176, ,5,2019,,,,,,,,,,,,,,,,
5/10/2019,174, ,5,2019,,,,,,,,,,,,,,,,
5/11/2019,161, ,5,2019,,,,,,,,,,,,,,,,
5/12/2019,128, ,5,2019,,,,,,,,,,,,,,,,
5/13/2019,132, ,5,2019,,,,,,,,,,,,,,,,
5/14/2019,134, ,5,2019,,,,,,,,,,,,,,,,
5/15/2019,114, ,5,2019,,,,,,,,,,,,,,,,
5/16/2019,122, ,5,2019,,,,,,,,,,,,,,,,
5/17/2019,108, ,5,2019,,,,,,,,,,,,,,,,
5/18/2019,141, ,5,2019,,,,,,,,,,,,,,,,
5/19/2019,128, ,5,2019,,,,,,,,,,,,,,,,
5/20/2019,214, ,5,2019,,,,,,,,,,,,,,,,
5/21/2019,162, ,5,2019,,,,,,,,,,,,,,,,
5/22/2019,145, ,5,2019,,,,,,,,,,,,,,,,
5/23/2019,124, ,5,2019,,,,,,,,,,,,,,,,
5/24/2019,171, ,5,2019,,,,,,,,,,,,,,,,
5/25/2019,113, ,5,2019,,,,,,,,,,,,,,,,
5/26/2019,87, ,5,2019,,,,,,,,,,,,,,,,
5/27/2019,130, ,5,2019,,,,,,,,,,,,,,,,
5/28/2019,128, ,5,2019,,,,,,,,,,,,,,,,
5/29/2019,140, ,5,2019,,,,,,,,,,,,,,,,
5/30/2019,134, ,5,2019,,,,,,,,,,,,,,,,
5/31/2019,122, ,5,2019,,,,,,,,,,,,,,,,
6/1/2019,102, ,6,2019,,,,,,,,,,,,,,,,
6/2/2019,80, ,6,2019,,,,,,,,,,,,,,,,
6/3/2019,78, ,6,2019,,,,,,,,,,,,,,,,
6/4/2019,84, ,6,2019,,,,,,,,,,,,,,,,
6/5/2019,84, ,6,2019,,,,,,,,,,,,,,,,
6/6/2019,78, ,6,2019,,,,,,,,,,,,,,,,
6/7/2019,47, ,6,2019,,,,,,,,,,,,,,,,
6/8/2019,64, ,6,2019,,,,,,,,,,,,,,,,
6/9/2019,81,1,6,2019,,,,,,,,,,,,,,,,
6/10/2019,91,18,6,2019,,,,,,,,,,,,,,,,
6/11/2019,102,16,6,2019,,,,,,,,,,,,,,,,
6/12/2019,86,16,6,2019,,,,,,,,,,,,,,,,
6/13/2019,90,27,6,2019,,,,,,,,,,,,,,,,
6/14/2019,107,1,6,2019,,,,,,,,,,,,,,,,
6/15/2019,98,12,6,2019,,,,,,,,,,,,,,,,
6/16/2019,131,23,6,2019,,,,,,,,,,,,,,,,
6/17/2019,116,13,6,2019,,,,,,,,,,,,,,,,
6/18/2019,78,18,6,2019,,,,,,,,,,,,,,,,
6/19/2019,94,15,6,2019,,,,,,,,,,,,,,,,
6/20/2019,86,14,6,2019,,,,,,,,,,,,,,,,
6/21/2019,77,5,6,2019,,,,,,,,,,,,,,,,
6/22/2019,40,6,6,2019,,,,,,,,,,,,,,,,
6/23/2019,47,8,6,2019,,,,,,,,,,,,,,,,
6/24/2019,59,10,6,2019,,,,,,,,,,,,,,,,
6/25/2019,66,14,6,2019,,,,,,,,,,,,,,,,
6/26/2019,83,9,6,2019,,,,,,,,,,,,,,,,
6/27/2019,65,13,6,2019,,,,,,,,,,,,,,,,
6/28/2019,86,14,6,2019,,,,,,,,,,,,,,,,
6/29/2019,90,16,6,2019,,,,,,,,,,,,,,,,
6/30/2019,94,15,6,2019,,,,,,,,,,,,,,,,
1/1/2019,168, ,1,2019,,,,,,,,,,,,,,,,
1/2/2019,161, ,1,2019,,,,,,,,,,,,,,,,
1/3/2019,149, ,1,2019,,,,,,,,,,,,,,,,
1/4/2019,152, ,1,2019,,,,,,,,,,,,,,,,
1/5/2019,179, ,1,2019,,,,,,,,,,,,,,,,
1/6/2019,181, ,1,2019,,,,,,,,,,,,,,,,
1/7/2019,163, ,1,2019,,,,,,,,,,,,,,,,
1/8/2019,155, ,1,2019,,,,,,,,,,,,,,,,
1/9/2019,163, ,1,2019,,,,,,,,,,,,,,,,
1/10/2019,166, ,1,2019,,,,,,,,,,,,,,,,
1/11/2019,179, ,1,2019,,,,,,,,,,,,,,,,
1/12/2019,188, ,1,2019,,,,,,,,,,,,,,,,
1/13/2019,184, ,1,2019,,,,,,,,,,,,,,,,
1/14/2019,158, ,1,2019,,,,,,,,,,,,,,,,
1/15/2019,170, ,1,2019,,,,,,,,,,,,,,,,
1/16/2019,166, ,1,2019,,,,,,,,,,,,,,,,
1/17/2019,173, ,1,2019,,,,,,,,,,,,,,,,
1/18/2019,170, ,1,2019,,,,,,,,,,,,,,,,
1/19/2019,160, ,1,2019,,,,,,,,,,,,,,,,
1/20/2019,163, ,1,2019,,,,,,,,,,,,,,,,
1/21/2019,176, ,1,2019,,,,,,,,,,,,,,,,
1/22/2019,172, ,1,2019,,,,,,,,,,,,,,,,
1/23/2019,98, ,1,2019,,,,,,,,,,,,,,,,
1/24/2019,141, ,1,2019,,,,,,,,,,,,,,,,
1/25/2019,149, ,1,2019,,,,,,,,,,,,,,,,
1/26/2019,122, ,1,2019,,,,,,,,,,,,,,,,
1/27/2019,170, ,1,2019,,,,,,,,,,,,,,,,
1/28/2019,145, ,1,2019,,,,,,,,,,,,,,,,
1/29/2019,131, ,1,2019,,,,,,,,,,,,,,,,
1/30/2019,143, ,1,2019,,,,,,,,,,,,,,,,
1/31/2019,160, ,1,2019,,,,,,,,,,,,,,,,
2/1/2019,171, ,2,2019,,,,,,,,,,,,,,,,
2/2/2019,162, ,2,2019,,,,,,,,,,,,,,,,
2/3/2019,151, ,2,2019,,,,,,,,,,,,,,,,
2/4/2019,153, ,2,2019,,,,,,,,,,,,,,,,
2/5/2019,170, ,2,2019,,,,,,,,,,,,,,,,
2/6/2019,160, ,2,2019,,,,,,,,,,,,,,,,
2/7/2019,149, ,2,2019,,,,,,,,,,,,,,,,
2/8/2019,102, ,2,2019,,,,,,,,,,,,,,,,
2/9/2019,61, ,2,2019,,,,,,,,,,,,,,,,
2/10/2019,107, ,2,2019,,,,,,,,,,,,,,,,
2/11/2019,136, ,2,2019,,,,,,,,,,,,,,,,
2/12/2019,140, ,2,2019,,,,,,,,,,,,,,,,
2/13/2019,145, ,2,2019,,,,,,,,,,,,,,,,
2/14/2019,167, ,2,2019,,,,,,,,,,,,,,,,
2/15/2019,148, ,2,2019,,,,,,,,,,,,,,,,
2/16/2019,110, ,2,2019,,,,,,,,,,,,,,,,
2/17/2019,97, ,2,2019,,,,,,,,,,,,,,,,
2/18/2019,115, ,2,2019,,,,,,,,,,,,,,,,
2/19/2019,134, ,2,2019,,,,,,,,,,,,,,,,
2/20/2019,127, ,2,2019,,,,,,,,,,,,,,,,
2/21/2019,132, ,2,2019,,,,,,,,,,,,,,,,
2/22/2019,141, ,2,2019,,,,,,,,,,,,,,,,
2/23/2019,125, ,2,2019,,,,,,,,,,,,,,,,
2/24/2019,129, ,2,2019,,,,,,,,,,,,,,,,
2/25/2019,83, ,2,2019,,,,,,,,,,,,,,,,
2/26/2019,100, ,2,2019,,,,,,,,,,,,,,,,
2/27/2019,98, ,2,2019,,,,,,,,,,,,,,,,
3/5/2019,115, ,3,2019,,,,,,,,,,,,,,,,
3/6/2019,127, ,3,2019,,,,,,,,,,,,,,,,
3/7/2019,136, ,3,2019,,,,,,,,,,,,,,,,
3/8/2019,133, ,3,2019,,,,,,,,,,,,,,,,
3/9/2019,136, ,3,2019,,,,,,,,,,,,,,,,
3/10/2019,137, ,3,2019,,,,,,,,,,,,,,,,
3/11/2019,137, ,3,2019,,,,,,,,,,,,,,,,
3/12/2019,131, ,3,2019,,,,,,,,,,,,,,,,
3/13/2019,149, ,3,2019,,,,,,,,,,,,,,,,
3/14/2019,132, ,3,2019,,,,,,,,,,,,,,,,
3/15/2019,115, ,3,2019,,,,,,,,,,,,,,,,
3/16/2019,130, ,3,2019,,,,,,,,,,,,,,,,
3/17/2019,146, ,3,2019,,,,,,,,,,,,,,,,
3/18/2019,147, ,3,2019,,,,,,,,,,,,,,,,
3/19/2019,146, ,3,2019,,,,,,,,,,,,,,,,
3/20/2019,126, ,3,2019,,,,,,,,,,,,,,,,
3/21/2019,108, ,3,2019,,,,,,,,,,,,,,,,
3/22/2019,126, ,3,2019,,,,,,,,,,,,,,,,
3/23/2019,141, ,3,2019,,,,,,,,,,,,,,,,
3/24/2019,185, ,3,2019,,,,,,,,,,,,,,,,
3/25/2019,201, ,3,2019,,,,,,,,,,,,,,,,
3/26/2019,110, ,3,2019,,,,,,,,,,,,,,,,
3/27/2019,92, ,3,2019,,,,,,,,,,,,,,,,
3/28/2019,126, ,3,2019,,,,,,,,,,,,,,,,
3/29/2019,153, ,3,2019,,,,,,,,,,,,,,,,
3/30/2019,170, ,3,2019,,,,,,,,,,,,,,,,
3/31/2019,144, ,3,2019,,,,,,,,,,,,,,,,
10/1/2018,101,82,10,2018,,,,,,,,,,,,,,,,
10/2/2018,100,79,10,2018,,,,,,,,,,,,,,,,
10/9/2018,97,91,10,2018,,,,,,,,,,,,,,,,
10/10/2018,112,90,10,2018,,,,,,,,,,,,,,,,
10/11/2018,101,92,10,2018,,,,,,,,,,,,,,,,
10/12/2018,78,72,10,2018,,,,,,,,,,,,,,,,
10/13/2018,55,105,10,2018,,,,,,,,,,,,,,,,
10/14/2018,72,96,10,2018,,,,,,,,,,,,,,,,
10/15/2018,96,90,10,2018,,,,,,,,,,,,,,,,
10/16/2018,112,73,10,2018,,,,,,,,,,,,,,,,
10/17/2018,124,83,10,2018,,,,,,,,,,,,,,,,
10/18/2018,135,74,10,2018,,,,,,,,,,,,,,,,
10/23/2018,108,133,10,2018,,,,,,,,,,,,,,,,
10/24/2018,110,105,10,2018,,,,,,,,,,,,,,,,
10/25/2018,112,153,10,2018,,,,,,,,,,,,,,,,
10/26/2018,98,144,10,2018,,,,,,,,,,,,,,,,
10/27/2018,100,125,10,2018,,,,,,,,,,,,,,,,
10/28/2018,100,108,10,2018,,,,,,,,,,,,,,,,
10/29/2018,100,149,10,2018,,,,,,,,,,,,,,,,
10/30/2018,98,197,10,2018,,,,,,,,,,,,,,,,
10/31/2018,109,135,10,2018,,,,,,,,,,,,,,,,
11/1/2018,103,121,11,2018,,,,,,,,,,,,,,,,
11/2/2018,107,108,11,2018,,,,,,,,,,,,,,,,
11/3/2018,105,146,11,2018,,,,,,,,,,,,,,,,
11/4/2018,120,168,11,2018,,,,,,,,,,,,,,,,
11/5/2018,130,132,11,2018,,,,,,,,,,,,,,,,
11/6/2018,125,101,11,2018,,,,,,,,,,,,,,,,
11/7/2018,126,94,11,2018,,,,,,,,,,,,,,,,
11/8/2018,138,83,11,2018,,,,,,,,,,,,,,,,
11/9/2018,128,77,11,2018,,,,,,,,,,,,,,,,
11/10/2018,112,86,11,2018,,,,,,,,,,,,,,,,
11/11/2018,106,93,11,2018,,,,,,,,,,,,,,,,
11/12/2018,113,98,11,2018,,,,,,,,,,,,,,,,
11/13/2018,134,104,11,2018,,,,,,,,,,,,,,,,
11/14/2018,137,139,11,2018,,,,,,,,,,,,,,,,
11/15/2018,142,154,11,2018,,,,,,,,,,,,,,,,
11/16/2018,138,118,11,2018,,,,,,,,,,,,,,,,
11/17/2018,138,63,11,2018,,,,,,,,,,,,,,,,
11/18/2018,142,62,11,2018,,,,,,,,,,,,,,,,
11/19/2018,163,63,11,2018,,,,,,,,,,,,,,,,
11/20/2018,168,60,11,2018,,,,,,,,,,,,,,,,
11/21/2018,176,130,11,2018,,,,,,,,,,,,,,,,
11/22/2018,166,128,11,2018,,,,,,,,,,,,,,,,
11/23/2018,150,119,11,2018,,,,,,,,,,,,,,,,
11/24/2018,150,177,11,2018,,,,,,,,,,,,,,,,
11/25/2018,148,120,11,2018,,,,,,,,,,,,,,,,
11/26/2018,138,124,11,2018,,,,,,,,,,,,,,,,
11/27/2018,136,129,11,2018,,,,,,,,,,,,,,,,
11/28/2018,153,112,11,2018,,,,,,,,,,,,,,,,
11/29/2018,143,93,11,2018,,,,,,,,,,,,,,,,
11/30/2018,133,83,11,2018,,,,,,,,,,,,,,,,
12/1/2018,138,87,12,2018,,,,,,,,,,,,,,,,
12/2/2018,142,92,12,2018,,,,,,,,,,,,,,,,
12/3/2018,155,89,12,2018,,,,,,,,,,,,,,,,
12/4/2018,162,95,12,2018,,,,,,,,,,,,,,,,
12/5/2018,164,81,12,2018,,,,,,,,,,,,,,,,
12/6/2018,149,73,12,2018,,,,,,,,,,,,,,,,
12/7/2018,147,75,12,2018,,,,,,,,,,,,,,,,
12/8/2018,148,75,12,2018,,,,,,,,,,,,,,,,
12/9/2018,144,60,12,2018,,,,,,,,,,,,,,,,
12/10/2018,142,62,12,2018,,,,,,,,,,,,,,,,
12/11/2018,138,58,12,2018,,,,,,,,,,,,,,,,
12/12/2018,129,72,12,2018,,,,,,,,,,,,,,,,
12/13/2018,143,72,12,2018,,,,,,,,,,,,,,,,
12/14/2018,145,67,12,2018,,,,,,,,,,,,,,,,
12/15/2018,150,68,12,2018,,,,,,,,,,,,,,,,
12/16/2018,151,63,12,2018,,,,,,,,,,,,,,,,
12/17/2018,195,52,12,2018,,,,,,,,,,,,,,,,
12/18/2018,161,71,12,2018,,,,,,,,,,,,,,,,
12/19/2018,175,63,12,2018,,,,,,,,,,,,,,,,
12/20/2018,180,53,12,2018,,,,,,,,,,,,,,,,
12/21/2018,169, ,12,2018,,,,,,,,,,,,,,,,
12/22/2018,159, ,12,2018,,,,,,,,,,,,,,,,
12/23/2018,160, ,12,2018,,,,,,,,,,,,,,,,
12/24/2018,153, ,12,2018,,,,,,,,,,,,,,,,
12/25/2018,147, ,12,2018,,,,,,,,,,,,,,,,
12/26/2018,146, ,12,2018,,,,,,,,,,,,,,,,
12/28/2018,167, ,12,2018,,,,,,,,,,,,,,,,
12/29/2018,170, ,12,2018,,,,,,,,,,,,,,,,
12/30/2018,186, ,12,2018,,,,,,,,,,,,,,,,
7/1/2018,42, ,7,2018,,,,,,,,,,,,,,,,
7/3/2018,48, ,7,2018,,,,,,,,,,,,,,,,
7/4/2018,50, ,7,2018,,,,,,,,,,,,,,,,
7/5/2018,56, ,7,2018,,,,,,,,,,,,,,,,
7/9/2018,53, ,7,2018,,,,,,,,,,,,,,,,
7/10/2018,45, ,7,2018,,,,,,,,,,,,,,,,
7/11/2018,42, ,7,2018,,,,,,,,,,,,,,,,
7/12/2018,33, ,7,2018,,,,,,,,,,,,,,,,
7/13/2018,37, ,7,2018,,,,,,,,,,,,,,,,
7/14/2018,38, ,7,2018,,,,,,,,,,,,,,,,
7/15/2018,39, ,7,2018,,,,,,,,,,,,,,,,
7/16/2018,36, ,7,2018,,,,,,,,,,,,,,,,
7/17/2018,38, ,7,2018,,,,,,,,,,,,,,,,
7/18/2018,33, ,7,2018,,,,,,,,,,,,,,,,
7/19/2018,35, ,7,2018,,,,,,,,,,,,,,,,
7/20/2018,51, ,7,2018,,,,,,,,,,,,,,,,
7/21/2018,36, ,7,2018,,,,,,,,,,,,,,,,
7/22/2018,41, ,7,2018,,,,,,,,,,,,,,,,
7/23/2018,38, ,7,2018,,,,,,,,,,,,,,,,
7/24/2018,38, ,7,2018,,,,,,,,,,,,,,,,
7/25/2018,34, ,7,2018,,,,,,,,,,,,,,,,
7/26/2018,33, ,7,2018,,,,,,,,,,,,,,,,
7/27/2018,39, ,7,2018,,,,,,,,,,,,,,,,
7/28/2018,31, ,7,2018,,,,,,,,,,,,,,,,
7/29/2018,37, ,7,2018,,,,,,,,,,,,,,,,
7/30/2018,50, ,7,2018,,,,,,,,,,,,,,,,
7/31/2018,38, ,7,2018,,,,,,,,,,,,,,,,
8/1/2018,42, ,8,2018,,,,,,,,,,,,,,,,
8/2/2018,43, ,8,2018,,,,,,,,,,,,,,,,
8/3/2018,42, ,8,2018,,,,,,,,,,,,,,,,
8/4/2018,48, ,8,2018,,,,,,,,,,,,,,,,
8/5/2018,52, ,8,2018,,,,,,,,,,,,,,,,
8/6/2018,47, ,8,2018,,,,,,,,,,,,,,,,
8/7/2018,50, ,8,2018,,,,,,,,,,,,,,,,
8/8/2018,39, ,8,2018,,,,,,,,,,,,,,,,
8/9/2018,56, ,8,2018,,,,,,,,,,,,,,,,
8/10/2018,59, ,8,2018,,,,,,,,,,,,,,,,
8/11/2018,41, ,8,2018,,,,,,,,,,,,,,,,
8/12/2018,56, ,8,2018,,,,,,,,,,,,,,,,
8/13/2018,37, ,8,2018,,,,,,,,,,,,,,,,
8/14/2018,56, ,8,2018,,,,,,,,,,,,,,,,
8/15/2018,36, ,8,2018,,,,,,,,,,,,,,,,
8/16/2018,44, ,8,2018,,,,,,,,,,,,,,,,
8/17/2018,41, ,8,2018,,,,,,,,,,,,,,,,
8/18/2018,37, ,8,2018,,,,,,,,,,,,,,,,
8/19/2018,43,69,8,2018,,,,,,,,,,,,,,,,
8/20/2018,47,51,8,2018,,,,,,,,,,,,,,,,
8/21/2018,46,46,8,2018,,,,,,,,,,,,,,,,
8/22/2018,42,35,8,2018,,,,,,,,,,,,,,,,
8/23/2018,30,38,8,2018,,,,,,,,,,,,,,,,
8/24/2018,34,32,8,2018,,,,,,,,,,,,,,,,
8/25/2018,38,52,8,2018,,,,,,,,,,,,,,,,
8/26/2018,45,28,8,2018,,,,,,,,,,,,,,,,
8/27/2018,33,30,8,2018,,,,,,,,,,,,,,,,
8/28/2018,41,33,8,2018,,,,,,,,,,,,,,,,
8/29/2018,32,35,8,2018,,,,,,,,,,,,,,,,
8/30/2018,39,38,8,2018,,,,,,,,,,,,,,,,
8/31/2018,38,38,8,2018,,,,,,,,,,,,,,,,
9/1/2018,43,55,9,2018,,,,,,,,,,,,,,,,
9/2/2018,43,55,9,2018,,,,,,,,,,,,,,,,
9/3/2018,44,61,9,2018,,,,,,,,,,,,,,,,
9/4/2018,59,54,9,2018,,,,,,,,,,,,,,,,
9/5/2018,56,44,9,2018,,,,,,,,,,,,,,,,
9/6/2018,50,50,9,2018,,,,,,,,,,,,,,,,
9/7/2018,41,47,9,2018,,,,,,,,,,,,,,,,
9/8/2018,44,48,9,2018,,,,,,,,,,,,,,,,
9/9/2018,51,35,9,2018,,,,,,,,,,,,,,,,
9/10/2018,48,38,9,2018,,,,,,,,,,,,,,,,
9/11/2018,39,54,9,2018,,,,,,,,,,,,,,,,
9/12/2018,55,61,9,2018,,,,,,,,,,,,,,,,
9/13/2018,58,63,9,2018,,,,,,,,,,,,,,,,
9/14/2018,65,60,9,2018,,,,,,,,,,,,,,,,
9/15/2018,64,55,9,2018,,,,,,,,,,,,,,,,
9/16/2018,72,57,9,2018,,,,,,,,,,,,,,,,
9/17/2018,71,61,9,2018,,,,,,,,,,,,,,,,
9/18/2018,61,58,9,2018,,,,,,,,,,,,,,,,
9/19/2018,69,59,9,2018,,,,,,,,,,,,,,,,
9/20/2018,72,38,9,2018,,,,,,,,,,,,,,,,
9/21/2018,47,54,9,2018,,,,,,,,,,,,,,,,
9/22/2018,46,56,9,2018,,,,,,,,,,,,,,,,
9/23/2018,54,65,9,2018,,,,,,,,,,,,,,,,
9/24/2018,66,73,9,2018,,,,,,,,,,,,,,,,
9/25/2018,83,70,9,2018,,,,,,,,,,,,,,,,
9/26/2018,77,69,9,2018,,,,,,,,,,,,,,,,
9/27/2018,74,74,9,2018,,,,,,,,,,,,,,,,
9/28/2018,72,71,9,2018,,,,,,,,,,,,,,,,
9/29/2018,76,75,9,2018,,,,,,,,,,,,,,,,
9/30/2018,87,89,9,2018,,,,,,,,,,,,,,,,
4/1/2018,172, ,4,2018,,,,,,,,,,,,,,,,
4/2/2018,161, ,4,2018,,,,,,,,,,,,,,,,
4/3/2018,134, ,4,2018,,,,,,,,,,,,,,,,
4/4/2018,127, ,4,2018,,,,,,,,,,,,,,,,
4/5/2018,111, ,4,2018,,,,,,,,,,,,,,,,
4/6/2018,125, ,4,2018,,,,,,,,,,,,,,,,
4/7/2018,107, ,4,2018,,,,,,,,,,,,,,,,
4/8/2018,132, ,4,2018,,,,,,,,,,,,,,,,
4/9/2018,137, ,4,2018,,,,,,,,,,,,,,,,
4/10/2018,125, ,4,2018,,,,,,,,,,,,,,,,
4/11/2018,120, ,4,2018,,,,,,,,,,,,,,,,
4/12/2018,100, ,4,2018,,,,,,,,,,,,,,,,
4/13/2018,100, ,4,2018,,,,,,,,,,,,,,,,
4/14/2018,124, ,4,2018,,,,,,,,,,,,,,,,
4/15/2018,156, ,4,2018,,,,,,,,,,,,,,,,
4/16/2018,163, ,4,2018,,,,,,,,,,,,,,,,
4/17/2018,149, ,4,2018,,,,,,,,,,,,,,,,
4/18/2018,126, ,4,2018,,,,,,,,,,,,,,,,
4/19/2018,129, ,4,2018,,,,,,,,,,,,,,,,
4/20/2018,138, ,4,2018,,,,,,,,,,,,,,,,
4/21/2018,115, ,4,2018,,,,,,,,,,,,,,,,
4/22/2018,134, ,4,2018,,,,,,,,,,,,,,,,
4/23/2018,163, ,4,2018,,,,,,,,,,,,,,,,
4/24/2018,188, ,4,2018,,,,,,,,,,,,,,,,
4/25/2018,168, ,4,2018,,,,,,,,,,,,,,,,
4/26/2018,172, ,4,2018,,,,,,,,,,,,,,,,
4/27/2018,142, ,4,2018,,,,,,,,,,,,,,,,
4/28/2018,126, ,4,2018,,,,,,,,,,,,,,,,
4/29/2018,112, ,4,2018,,,,,,,,,,,,,,,,
4/30/2018,93, ,4,2018,,,,,,,,,,,,,,,,
5/1/2018,99, ,5,2018,,,,,,,,,,,,,,,,
5/2/2018,112, ,5,2018,,,,,,,,,,,,,,,,
5/3/2018,89, ,5,2018,,,,,,,,,,,,,,,,
5/4/2018,106, ,5,2018,,,,,,,,,,,,,,,,
5/5/2018,96, ,5,2018,,,,,,,,,,,,,,,,
5/6/2018,113, ,5,2018,,,,,,,,,,,,,,,,
5/7/2018,127, ,5,2018,,,,,,,,,,,,,,,,
5/8/2018,125, ,5,2018,,,,,,,,,,,,,,,,
5/9/2018,91, ,5,2018,,,,,,,,,,,,,,,,
5/10/2018,111, ,5,2018,,,,,,,,,,,,,,,,
5/11/2018,121, ,5,2018,,,,,,,,,,,,,,,,
5/12/2018,130, ,5,2018,,,,,,,,,,,,,,,,
5/13/2018,122, ,5,2018,,,,,,,,,,,,,,,,
5/14/2018,77, ,5,2018,,,,,,,,,,,,,,,,
5/15/2018,93, ,5,2018,,,,,,,,,,,,,,,,
5/16/2018,102, ,5,2018,,,,,,,,,,,,,,,,
5/17/2018,78, ,5,2018,,,,,,,,,,,,,,,,
5/18/2018,112, ,5,2018,,,,,,,,,,,,,,,,
5/19/2018,115, ,5,2018,,,,,,,,,,,,,,,,
5/20/2018,109, ,5,2018,,,,,,,,,,,,,,,,
5/21/2018,119, ,5,2018,,,,,,,,,,,,,,,,
5/22/2018,110, ,5,2018,,,,,,,,,,,,,,,,
5/23/2018,93, ,5,2018,,,,,,,,,,,,,,,,
5/24/2018,76, ,5,2018,,,,,,,,,,,,,,,,
5/25/2018,109, ,5,2018,,,,,,,,,,,,,,,,
5/26/2018,140, ,5,2018,,,,,,,,,,,,,,,,
5/27/2018,147, ,5,2018,,,,,,,,,,,,,,,,
5/28/2018,111, ,5,2018,,,,,,,,,,,,,,,,
5/29/2018,117, ,5,2018,,,,,,,,,,,,,,,,
5/30/2018,101, ,5,2018,,,,,,,,,,,,,,,,
5/31/2018,120, ,5,2018,,,,,,,,,,,,,,,,
6/1/2018,107, ,6,2018,,,,,,,,,,,,,,,,
6/2/2018,81, ,6,2018,,,,,,,,,,,,,,,,
6/3/2018,103, ,6,2018,,,,,,,,,,,,,,,,
6/4/2018,101, ,6,2018,,,,,,,,,,,,,,,,
6/5/2018,64, ,6,2018,,,,,,,,,,,,,,,,
6/6/2018,62, ,6,2018,,,,,,,,,,,,,,,,
6/7/2018,59, ,6,2018,,,,,,,,,,,,,,,,
6/8/2018,71, ,6,2018,,,,,,,,,,,,,,,,
6/9/2018,77, ,6,2018,,,,,,,,,,,,,,,,
6/10/2018,49, ,6,2018,,,,,,,,,,,,,,,,
6/11/2018,57, ,6,2018,,,,,,,,,,,,,,,,
6/12/2018,72, ,6,2018,,,,,,,,,,,,,,,,
6/13/2018,97, ,6,2018,,,,,,,,,,,,,,,,
6/14/2018,89, ,6,2018,,,,,,,,,,,,,,,,
6/15/2018,138, ,6,2018,,,,,,,,,,,,,,,,
6/16/2018,109, ,6,2018,,,,,,,,,,,,,,,,
6/18/2018,142, ,6,2018,,,,,,,,,,,,,,,,
6/19/2018,127, ,6,2018,,,,,,,,,,,,,,,,
6/20/2018,119, ,6,2018,,,,,,,,,,,,,,,,
6/21/2018,101, ,6,2018,,,,,,,,,,,,,,,,
6/22/2018,114, ,6,2018,,,,,,,,,,,,,,,,
6/23/2018,112, ,6,2018,,,,,,,,,,,,,,,,
6/24/2018,103, ,6,2018,,,,,,,,,,,,,,,,
6/25/2018,91, ,6,2018,,,,,,,,,,,,,,,,
6/26/2018,77, ,6,2018,,,,,,,,,,,,,,,,
6/27/2018,63, ,6,2018,,,,,,,,,,,,,,,,
6/28/2018,44, ,6,2018,,,,,,,,,,,,,,,,
6/29/2018,54, ,6,2018,,,,,,,,,,,,,,,,
6/30/2018,35, ,6,2018,,,,,,,,,,,,,,,,
1/1/2018,146, ,1,2018,,,,,,,,,,,,,,,,
1/2/2018,135, ,1,2018,,,,,,,,,,,,,,,,
1/3/2018,141, ,1,2018,,,,,,,,,,,,,,,,
1/4/2018,142, ,1,2018,,,,,,,,,,,,,,,,
1/5/2018,140, ,1,2018,,,,,,,,,,,,,,,,
1/6/2018,150, ,1,2018,,,,,,,,,,,,,,,,
1/7/2018,152, ,1,2018,,,,,,,,,,,,,,,,
1/8/2018,155, ,1,2018,,,,,,,,,,,,,,,,
1/9/2018,169, ,1,2018,,,,,,,,,,,,,,,,
1/10/2018,187, ,1,2018,,,,,,,,,,,,,,,,
1/11/2018,176, ,1,2018,,,,,,,,,,,,,,,,
1/12/2018,185, ,1,2018,,,,,,,,,,,,,,,,
1/13/2018,175, ,1,2018,,,,,,,,,,,,,,,,
1/14/2018,163, ,1,2018,,,,,,,,,,,,,,,,
1/15/2018,160, ,1,2018,,,,,,,,,,,,,,,,
1/16/2018,146, ,1,2018,,,,,,,,,,,,,,,,
1/17/2018,158, ,1,2018,,,,,,,,,,,,,,,,
1/18/2018,158, ,1,2018,,,,,,,,,,,,,,,,
1/19/2018,169, ,1,2018,,,,,,,,,,,,,,,,
1/20/2018,166, ,1,2018,,,,,,,,,,,,,,,,
1/21/2018,157, ,1,2018,,,,,,,,,,,,,,,,
1/22/2018,167, ,1,2018,,,,,,,,,,,,,,,,
1/23/2018,166, ,1,2018,,,,,,,,,,,,,,,,
1/24/2018,148, ,1,2018,,,,,,,,,,,,,,,,
1/25/2018,150, ,1,2018,,,,,,,,,,,,,,,,
1/26/2018,163, ,1,2018,,,,,,,,,,,,,,,,
1/27/2018,156, ,1,2018,,,,,,,,,,,,,,,,
1/28/2018,169, ,1,2018,,,,,,,,,,,,,,,,
1/29/2018,177, ,1,2018,,,,,,,,,,,,,,,,
1/30/2018,181, ,1,2018,,,,,,,,,,,,,,,,
1/31/2018,182, ,1,2018,,,,,,,,,,,,,,,,
2/1/2018,185, ,2,2018,,,,,,,,,,,,,,,,
2/2/2018,185, ,2,2018,,,,,,,,,,,,,,,,
2/3/2018,181, ,2,2018,,,,,,,,,,,,,,,,
2/4/2018,162, ,2,2018,,,,,,,,,,,,,,,,
2/5/2018,162, ,2,2018,,,,,,,,,,,,,,,,
2/6/2018,165, ,2,2018,,,,,,,,,,,,,,,,
2/7/2018,169, ,2,2018,,,,,,,,,,,,,,,,
2/8/2018,141, ,2,2018,,,,,,,,,,,,,,,,
2/9/2018,145, ,2,2018,,,,,,,,,,,,,,,,
2/10/2018,133, ,2,2018,,,,,,,,,,,,,,,,
2/11/2018,150, ,2,2018,,,,,,,,,,,,,,,,
2/12/2018,202, ,2,2018,,,,,,,,,,,,,,,,
2/13/2018,177, ,2,2018,,,,,,,,,,,,,,,,
2/14/2018,171, ,2,2018,,,,,,,,,,,,,,,,
2/15/2018,142, ,2,2018,,,,,,,,,,,,,,,,
2/16/2018,161, ,2,2018,,,,,,,,,,,,,,,,
2/17/2018,167, ,2,2018,,,,,,,,,,,,,,,,
2/18/2018,168, ,2,2018,,,,,,,,,,,,,,,,
2/19/2018,172, ,2,2018,,,,,,,,,,,,,,,,
2/20/2018,171, ,2,2018,,,,,,,,,,,,,,,,
2/27/2018,112, ,2,2018,,,,,,,,,,,,,,,,
2/28/2018,161, ,2,2018,,,,,,,,,,,,,,,,
3/1/2018,167, ,3,2018,,,,,,,,,,,,,,,,
3/2/2018,152, ,3,2018,,,,,,,,,,,,,,,,
3/3/2018,115, ,3,2018,,,,,,,,,,,,,,,,
3/4/2018,148, ,3,2018,,,,,,,,,,,,,,,,
3/5/2018,128, ,3,2018,,,,,,,,,,,,,,,,
3/6/2018,122, ,3,2018,,,,,,,,,,,,,,,,
3/7/2018,148, ,3,2018,,,,,,,,,,,,,,,,
3/8/2018,168, ,3,2018,,,,,,,,,,,,,,,,
3/9/2018,158, ,3,2018,,,,,,,,,,,,,,,,
3/10/2018,159, ,3,2018,,,,,,,,,,,,,,,,
3/11/2018,177, ,3,2018,,,,,,,,,,,,,,,,
3/12/2018,161, ,3,2018,,,,,,,,,,,,,,,,
3/13/2018,159, ,3,2018,,,,,,,,,,,,,,,,
3/14/2018,167, ,3,2018,,,,,,,,,,,,,,,,
3/15/2018,166, ,3,2018,,,,,,,,,,,,,,,,
3/16/2018,94, ,3,2018,,,,,,,,,,,,,,,,
3/17/2018,136, ,3,2018,,,,,,,,,,,,,,,,
3/18/2018,170, ,3,2018,,,,,,,,,,,,,,,,
3/19/2018,188, ,3,2018,,,,,,,,,,,,,,,,
3/20/2018,190, ,3,2018,,,,,,,,,,,,,,,,
3/21/2018,192, ,3,2018,,,,,,,,,,,,,,,,
3/22/2018,184, ,3,2018,,,,,,,,,,,,,,,,
3/23/2018,169, ,3,2018,,,,,,,,,,,,,,,,
3/24/2018,178, ,3,2018,,,,,,,,,,,,,,,,
3/25/2018,195, ,3,2018,,,,,,,,,,,,,,,,
3/26/2018,205, ,3,2018,,,,,,,,,,,,,,,,
3/27/2018,178, ,3,2018,,,,,,,,,,,,,,,,
3/28/2018,196, ,3,2018,,,,,,,,,,,,,,,,
3/29/2018,143, ,3,2018,,,,,,,,,,,,,,,,
3/30/2018,118, ,3,2018,,,,,,,,,,,,,,,,
3/31/2018,109, ,3,2018,,,,,,,,,,,,,,,,
10/1/2017,46, ,10,2017,,,,,,,,,,,,,,,,
10/2/2017,48, ,10,2017,,,,,,,,,,,,,,,,
10/3/2017,60, ,10,2017,,,,,,,,,,,,,,,,
10/4/2017,51, ,10,2017,,,,,,,,,,,,,,,,
10/5/2017,59, ,10,2017,,,,,,,,,,,,,,,,
10/6/2017,52, ,10,2017,,,,,,,,,,,,,,,,
10/7/2017,62, ,10,2017,,,,,,,,,,,,,,,,
10/8/2017,65, ,10,2017,,,,,,,,,,,,,,,,
10/9/2017,76, ,10,2017,,,,,,,,,,,,,,,,
10/10/2017,76, ,10,2017,,,,,,,,,,,,,,,,
10/11/2017,77, ,10,2017,,,,,,,,,,,,,,,,
10/12/2017,72, ,10,2017,,,,,,,,,,,,,,,,
10/13/2017,69, ,10,2017,,,,,,,,,,,,,,,,
10/14/2017,89, ,10,2017,,,,,,,,,,,,,,,,
10/15/2017,147, ,10,2017,,,,,,,,,,,,,,,,
10/16/2017,148, ,10,2017,,,,,,,,,,,,,,,,
10/17/2017,134, ,10,2017,,,,,,,,,,,,,,,,
10/18/2017,114, ,10,2017,,,,,,,,,,,,,,,,
10/19/2017,105, ,10,2017,,,,,,,,,,,,,,,,
10/20/2017,93, ,10,2017,,,,,,,,,,,,,,,,
10/21/2017,66, ,10,2017,,,,,,,,,,,,,,,,
10/22/2017,78, ,10,2017,,,,,,,,,,,,,,,,
10/23/2017,124, ,10,2017,,,,,,,,,,,,,,,,
10/27/2017,137, ,10,2017,,,,,,,,,,,,,,,,
10/28/2017,123, ,10,2017,,,,,,,,,,,,,,,,
10/29/2017,80, ,10,2017,,,,,,,,,,,,,,,,
10/30/2017,73, ,10,2017,,,,,,,,,,,,,,,,
11/13/2017,156, ,11,2017,,,,,,,,,,,,,,,,
11/14/2017,131, ,11,2017,,,,,,,,,,,,,,,,
11/15/2017,134, ,11,2017,,,,,,,,,,,,,,,,
11/16/2017,165, ,11,2017,,,,,,,,,,,,,,,,
11/17/2017,129, ,11,2017,,,,,,,,,,,,,,,,
11/18/2017,114, ,11,2017,,,,,,,,,,,,,,,,
11/19/2017,102, ,11,2017,,,,,,,,,,,,,,,,
11/20/2017,139, ,11,2017,,,,,,,,,,,,,,,,
11/21/2017,122, ,11,2017,,,,,,,,,,,,,,,,
11/22/2017,117, ,11,2017,,,,,,,,,,,,,,,,
11/23/2017,121, ,11,2017,,,,,,,,,,,,,,,,
11/24/2017,123, ,11,2017,,,,,,,,,,,,,,,,
11/25/2017,139, ,11,2017,,,,,,,,,,,,,,,,
11/26/2017,137, ,11,2017,,,,,,,,,,,,,,,,
11/27/2017,130, ,11,2017,,,,,,,,,,,,,,,,
11/28/2017,144, ,11,2017,,,,,,,,,,,,,,,,
11/29/2017,160, ,11,2017,,,,,,,,,,,,,,,,
11/30/2017,172, ,11,2017,,,,,,,,,,,,,,,,
12/1/2017,164, ,12,2017,,,,,,,,,,,,,,,,
12/2/2017,154, ,12,2017,,,,,,,,,,,,,,,,
12/3/2017,147, ,12,2017,,,,,,,,,,,,,,,,
12/4/2017,142, ,12,2017,,,,,,,,,,,,,,,,
12/5/2017,132, ,12,2017,,,,,,,,,,,,,,,,
12/6/2017,132, ,12,2017,,,,,,,,,,,,,,,,
12/7/2017,125, ,12,2017,,,,,,,,,,,,,,,,
12/8/2017,132, ,12,2017,,,,,,,,,,,,,,,,
12/19/2017,154, ,12,2017,,,,,,,,,,,,,,,,
12/20/2017,160, ,12,2017,,,,,,,,,,,,,,,,
12/21/2017,155, ,12,2017,,,,,,,,,,,,,,,,
12/22/2017,145, ,12,2017,,,,,,,,,,,,,,,,
12/23/2017,145, ,12,2017,,,,,,,,,,,,,,,,
12/24/2017,154, ,12,2017,,,,,,,,,,,,,,,,
12/25/2017,157, ,12,2017,,,,,,,,,,,,,,,,
12/26/2017,156, ,12,2017,,,,,,,,,,,,,,,,
12/27/2017,167, ,12,2017,,,,,,,,,,,,,,,,
12/28/2017,160, ,12,2017,,,,,,,,,,,,,,,,
12/29/2017,163, ,12,2017,,,,,,,,,,,,,,,,
12/30/2017,170, ,12,2017,,,,,,,,,,,,,,,,
7/1/2017,57, ,7,2017,,,,,,,,,,,,,,,,
7/2/2017,58, ,7,2017,,,,,,,,,,,,,,,,
7/3/2017,60, ,7,2017,,,,,,,,,,,,,,,,
7/4/2017,38, ,7,2017,,,,,,,,,,,,,,,,
7/5/2017,50, ,7,2017,,,,,,,,,,,,,,,,
7/6/2017,63, ,7,2017,,,,,,,,,,,,,,,,
7/7/2017,59, ,7,2017,,,,,,,,,,,,,,,,
7/8/2017,61, ,7,2017,,,,,,,,,,,,,,,,
7/9/2017,60, ,7,2017,,,,,,,,,,,,,,,,
7/10/2017,63, ,7,2017,,,,,,,,,,,,,,,,
7/11/2017,54, ,7,2017,,,,,,,,,,,,,,,,
7/12/2017,53, ,7,2017,,,,,,,,,,,,,,,,
7/13/2017,61, ,7,2017,,,,,,,,,,,,,,,,
7/14/2017,62, ,7,2017,,,,,,,,,,,,,,,,
7/15/2017,42, ,7,2017,,,,,,,,,,,,,,,,
7/16/2017,50, ,7,2017,,,,,,,,,,,,,,,,
7/17/2017,54, ,7,2017,,,,,,,,,,,,,,,,
7/18/2017,45, ,7,2017,,,,,,,,,,,,,,,,
7/19/2017,51, ,7,2017,,,,,,,,,,,,,,,,
7/20/2017,45, ,7,2017,,,,,,,,,,,,,,,,
7/21/2017,47, ,7,2017,,,,,,,,,,,,,,,,
7/22/2017,35, ,7,2017,,,,,,,,,,,,,,,,
7/23/2017,36, ,7,2017,,,,,,,,,,,,,,,,
7/24/2017,30, ,7,2017,,,,,,,,,,,,,,,,
7/25/2017,36, ,7,2017,,,,,,,,,,,,,,,,
7/26/2017,39, ,7,2017,,,,,,,,,,,,,,,,
7/27/2017,50, ,7,2017,,,,,,,,,,,,,,,,
7/28/2017,65, ,7,2017,,,,,,,,,,,,,,,,
7/29/2017,57, ,7,2017,,,,,,,,,,,,,,,,
7/30/2017,49, ,7,2017,,,,,,,,,,,,,,,,
7/31/2017,60, ,7,2017,,,,,,,,,,,,,,,,
8/1/2017,51, ,8,2017,,,,,,,,,,,,,,,,
8/2/2017,46, ,8,2017,,,,,,,,,,,,,,,,
8/3/2017,43, ,8,2017,,,,,,,,,,,,,,,,
8/4/2017,45, ,8,2017,,,,,,,,,,,,,,,,
8/5/2017,47, ,8,2017,,,,,,,,,,,,,,,,
8/6/2017,58, ,8,2017,,,,,,,,,,,,,,,,
8/7/2017,46, ,8,2017,,,,,,,,,,,,,,,,
8/8/2017,57, ,8,2017,,,,,,,,,,,,,,,,
8/9/2017,62, ,8,2017,,,,,,,,,,,,,,,,
8/10/2017,59, ,8,2017,,,,,,,,,,,,,,,,
8/11/2017,50, ,8,2017,,,,,,,,,,,,,,,,
8/12/2017,44, ,8,2017,,,,,,,,,,,,,,,,
8/13/2017,49, ,8,2017,,,,,,,,,,,,,,,,
8/14/2017,58, ,8,2017,,,,,,,,,,,,,,,,
8/15/2017,48, ,8,2017,,,,,,,,,,,,,,,,
8/16/2017,55, ,8,2017,,,,,,,,,,,,,,,,
8/17/2017,56, ,8,2017,,,,,,,,,,,,,,,,
8/18/2017,55, ,8,2017,,,,,,,,,,,,,,,,
8/19/2017,50, ,8,2017,,,,,,,,,,,,,,,,
8/20/2017,47, ,8,2017,,,,,,,,,,,,,,,,
8/21/2017,50, ,8,2017,,,,,,,,,,,,,,,,
8/22/2017,52, ,8,2017,,,,,,,,,,,,,,,,
8/23/2017,63, ,8,2017,,,,,,,,,,,,,,,,
8/24/2017,65, ,8,2017,,,,,,,,,,,,,,,,
8/25/2017,55, ,8,2017,,,,,,,,,,,,,,,,
8/26/2017,40, ,8,2017,,,,,,,,,,,,,,,,
8/27/2017,48, ,8,2017,,,,,,,,,,,,,,,,
8/28/2017,44, ,8,2017,,,,,,,,,,,,,,,,
8/29/2017,56, ,8,2017,,,,,,,,,,,,,,,,
8/30/2017,51, ,8,2017,,,,,,,,,,,,,,,,
8/31/2017,47, ,8,2017,,,,,,,,,,,,,,,,
9/1/2017,55, ,9,2017,,,,,,,,,,,,,,,,
9/2/2017,44, ,9,2017,,,,,,,,,,,,,,,,
9/3/2017,49, ,9,2017,,,,,,,,,,,,,,,,
9/4/2017,57, ,9,2017,,,,,,,,,,,,,,,,
9/5/2017,77, ,9,2017,,,,,,,,,,,,,,,,
9/6/2017,73, ,9,2017,,,,,,,,,,,,,,,,
9/11/2017,72, ,9,2017,,,,,,,,,,,,,,,,
9/12/2017,67, ,9,2017,,,,,,,,,,,,,,,,
9/13/2017,63, ,9,2017,,,,,,,,,,,,,,,,
9/14/2017,81, ,9,2017,,,,,,,,,,,,,,,,
9/15/2017,95, ,9,2017,,,,,,,,,,,,,,,,
9/16/2017,105, ,9,2017,,,,,,,,,,,,,,,,
9/17/2017,90, ,9,2017,,,,,,,,,,,,,,,,
9/18/2017,43, ,9,2017,,,,,,,,,,,,,,,,
9/19/2017,56, ,9,2017,,,,,,,,,,,,,,,,
9/20/2017,61, ,9,2017,,,,,,,,,,,,,,,,
9/21/2017,46, ,9,2017,,,,,,,,,,,,,,,,
9/22/2017,68, ,9,2017,,,,,,,,,,,,,,,,
9/23/2017,67, ,9,2017,,,,,,,,,,,,,,,,
9/24/2017,75, ,9,2017,,,,,,,,,,,,,,,,
9/25/2017,79, ,9,2017,,,,,,,,,,,,,,,,
9/26/2017,90, ,9,2017,,,,,,,,,,,,,,,,
9/27/2017,88, ,9,2017,,,,,,,,,,,,,,,,
9/28/2017,101, ,9,2017,,,,,,,,,,,,,,,,
9/29/2017,82, ,9,2017,,,,,,,,,,,,,,,,
9/30/2017,57, ,9,2017,,,,,,,,,,,,,,,,
4/1/2017,133, ,4,2017,,,,,,,,,,,,,,,,
4/2/2017,113, ,4,2017,,,,,,,,,,,,,,,,
4/3/2017,111, ,4,2017,,,,,,,,,,,,,,,,
4/4/2017,128, ,4,2017,,,,,,,,,,,,,,,,
4/5/2017,133, ,4,2017,,,,,,,,,,,,,,,,
4/6/2017,134, ,4,2017,,,,,,,,,,,,,,,,
4/7/2017,130, ,4,2017,,,,,,,,,,,,,,,,
4/8/2017,96, ,4,2017,,,,,,,,,,,,,,,,
4/9/2017,128, ,4,2017,,,,,,,,,,,,,,,,
4/10/2017,147, ,4,2017,,,,,,,,,,,,,,,,
4/11/2017,179, ,4,2017,,,,,,,,,,,,,,,,
4/12/2017,194, ,4,2017,,,,,,,,,,,,,,,,
4/13/2017,213, ,4,2017,,,,,,,,,,,,,,,,
4/14/2017,192, ,4,2017,,,,,,,,,,,,,,,,
4/15/2017,124, ,4,2017,,,,,,,,,,,,,,,,
4/16/2017,150, ,4,2017,,,,,,,,,,,,,,,,
4/17/2017,149, ,4,2017,,,,,,,,,,,,,,,,
4/18/2017,156, ,4,2017,,,,,,,,,,,,,,,,
4/19/2017,170, ,4,2017,,,,,,,,,,,,,,,,
4/20/2017,132, ,4,2017,,,,,,,,,,,,,,,,
4/21/2017,124, ,4,2017,,,,,,,,,,,,,,,,
4/22/2017,117, ,4,2017,,,,,,,,,,,,,,,,
4/23/2017,84, ,4,2017,,,,,,,,,,,,,,,,
4/24/2017,99, ,4,2017,,,,,,,,,,,,,,,,
4/25/2017,121, ,4,2017,,,,,,,,,,,,,,,,
4/26/2017,134, ,4,2017,,,,,,,,,,,,,,,,
4/27/2017,147, ,4,2017,,,,,,,,,,,,,,,,
5/3/2017,144, ,5,2017,,,,,,,,,,,,,,,,
5/4/2017,125, ,5,2017,,,,,,,,,,,,,,,,
5/5/2017,137, ,5,2017,,,,,,,,,,,,,,,,
5/6/2017,157, ,5,2017,,,,,,,,,,,,,,,,
5/7/2017,176, ,5,2017,,,,,,,,,,,,,,,,
5/8/2017,158, ,5,2017,,,,,,,,,,,,,,,,
5/9/2017,91, ,5,2017,,,,,,,,,,,,,,,,
5/10/2017,105, ,5,2017,,,,,,,,,,,,,,,,
5/11/2017,134, ,5,2017,,,,,,,,,,,,,,,,
5/12/2017,115, ,5,2017,,,,,,,,,,,,,,,,
5/13/2017,93, ,5,2017,,,,,,,,,,,,,,,,
5/14/2017,92, ,5,2017,,,,,,,,,,,,,,,,
5/15/2017,93, ,5,2017,,,,,,,,,,,,,,,,
5/16/2017,106, ,5,2017,,,,,,,,,,,,,,,,
5/17/2017,101, ,5,2017,,,,,,,,,,,,,,,,
5/18/2017,104, ,5,2017,,,,,,,,,,,,,,,,
5/19/2017,106, ,5,2017,,,,,,,,,,,,,,,,
5/20/2017,110, ,5,2017,,,,,,,,,,,,,,,,
5/21/2017,115, ,5,2017,,,,,,,,,,,,,,,,
5/22/2017,105, ,5,2017,,,,,,,,,,,,,,,,
5/23/2017,116, ,5,2017,,,,,,,,,,,,,,,,
5/24/2017,129, ,5,2017,,,,,,,,,,,,,,,,
5/25/2017,132, ,5,2017,,,,,,,,,,,,,,,,
5/26/2017,119, ,5,2017,,,,,,,,,,,,,,,,
5/27/2017,79, ,5,2017,,,,,,,,,,,,,,,,
5/28/2017,81, ,5,2017,,,,,,,,,,,,,,,,
5/29/2017,95, ,5,2017,,,,,,,,,,,,,,,,
5/30/2017,103, ,5,2017,,,,,,,,,,,,,,,,
5/31/2017,102, ,5,2017,,,,,,,,,,,,,,,,
6/1/2017,86, ,6,2017,,,,,,,,,,,,,,,,
6/2/2017,94, ,6,2017,,,,,,,,,,,,,,,,
6/3/2017,115, ,6,2017,,,,,,,,,,,,,,,,
6/4/2017,125, ,6,2017,,,,,,,,,,,,,,,,
6/5/2017,131, ,6,2017,,,,,,,,,,,,,,,,
6/6/2017,104, ,6,2017,,,,,,,,,,,,,,,,
6/7/2017,115, ,6,2017,,,,,,,,,,,,,,,,
6/8/2017,114, ,6,2017,,,,,,,,,,,,,,,,
6/9/2017,103, ,6,2017,,,,,,,,,,,,,,,,
6/10/2017,101, ,6,2017,,,,,,,,,,,,,,,,
6/11/2017,100, ,6,2017,,,,,,,,,,,,,,,,
6/12/2017,110, ,6,2017,,,,,,,,,,,,,,,,
6/13/2017,98, ,6,2017,,,,,,,,,,,,,,,,
6/14/2017,139, ,6,2017,,,,,,,,,,,,,,,,
6/15/2017,119, ,6,2017,,,,,,,,,,,,,,,,
6/16/2017,99, ,6,2017,,,,,,,,,,,,,,,,
6/17/2017,86, ,6,2017,,,,,,,,,,,,,,,,
6/18/2017,99, ,6,2017,,,,,,,,,,,,,,,,
6/19/2017,109, ,6,2017,,,,,,,,,,,,,,,,
6/20/2017,102, ,6,2017,,,,,,,,,,,,,,,,
6/21/2017,68, ,6,2017,,,,,,,,,,,,,,,,
6/22/2017,68, ,6,2017,,,,,,,,,,,,,,,,
6/23/2017,78, ,6,2017,,,,,,,,,,,,,,,,
6/24/2017,80, ,6,2017,,,,,,,,,,,,,,,,
6/25/2017,60, ,6,2017,,,,,,,,,,,,,,,,
6/26/2017,59, ,6,2017,,,,,,,,,,,,,,,,
6/27/2017,65, ,6,2017,,,,,,,,,,,,,,,,
6/28/2017,76, ,6,2017,,,,,,,,,,,,,,,,
6/29/2017,44, ,6,2017,,,,,,,,,,,,,,,,
6/30/2017,58, ,6,2017,,,,,,,,,,,,,,,,
3/23/2017,145, ,3,2017,,,,,,,,,,,,,,,,
3/24/2017,149, ,3,2017,,,,,,,,,,,,,,,,
3/25/2017,104, ,3,2017,,,,,,,,,,,,,,,,
3/26/2017,159, ,3,2017,,,,,,,,,,,,,,,,
3/27/2017,158, ,3,2017,,,,,,,,,,,,,,,,
3/28/2017,162, ,3,2017,,,,,,,,,,,,,,,,
3/29/2017,157, ,3,2017,,,,,,,,,,,,,,,,
3/30/2017,144, ,3,2017,,,,,,,,,,,,,,,,
3/31/2017,149, ,3,2017,,,,,,,,,,,,,,,,
10/30/2020, ,27,10,2020,,,,,,,,,,,,,,,,
10/31/2020, ,24,10,2020,,,,,,,,,,,,,,,,
11/1/2020, ,24,11,2020,,,,,,,,,,,,,,,,
1/18/2020, ,44,1,2020,,,,,,,,,,,,,,,,
1/19/2020, ,35,1,2020,,,,,,,,,,,,,,,,
1/20/2020, ,53,1,2020,,,,,,,,,,,,,,,,
3/17/2020, ,21,3,2020,,,,,,,,,,,,,,,,
3/18/2020, ,22,3,2020,,,,,,,,,,,,,,,,
3/19/2020, ,18,3,2020,,,,,,,,,,,,,,,,
10/27/2019, ,64,10,2019,,,,,,,,,,,,,,,,
10/3/2018, ,87,10,2018,,,,,,,,,,,,,,,,
10/4/2018, ,90,10,2018,,,,,,,,,,,,,,,,
10/5/2018, ,87,10,2018,,,,,,,,,,,,,,,,
10/6/2018, ,92,10,2018,,,,,,,,,,,,,,,,
10/7/2018, ,104,10,2018,,,,,,,,,,,,,,,,
10/8/2018, ,87,10,2018,,,,,,,,,,,,,,,,
10/19/2018, ,77,10,2018,,,,,,,,,,,,,,,,
10/20/2018, ,75,10,2018,,,,,,,,,,,,,,,,
10/21/2018, ,91,10,2018,,,,,,,,,,,,,,,,
10/22/2018, ,103,10,2018,,,,,,,,,,,,,,,,
